run_id,run_date,client_id,store_id,robot_id,firmware_version,labels_required,processing_hours,accuracy,accuracy_met,delivered_on_time,issue_category
1,2026-05-25,C001,C001-S01,C001-S01-R1,4.8.1,1237,16.2,0.9749,1,1,none
2,2026-05-25,C001,C001-S01,C001-S01-R2,4.9.0,1046,15.19,0.9796,1,1,none
3,2026-05-25,C001,C001-S02,C001-S02-R1,4.8.1,1146,19.87,0.9544,0,1,none
4,2026-05-25,C001,C001-S03,C001-S03-R1,4.9.0,1016,13.45,0.9666,1,1,none
5,2026-05-25,C001,C001-S03,C001-S03-R2,4.8.1,923,12.58,0.9593,0,1,none
6,2026-05-25,C001,C001-S04,C001-S04-R1,4.9.0,1420,12.84,0.9579,0,1,none
7,2026-05-25,C001,C001-S04,C001-S04-R2,4.9.0,907,14.1,0.9627,0,1,none
8,2026-05-25,C002,C002-S01,C002-S01-R1,4.8.2,1430,14.76,0.966,0,1,none
9,2026-05-25,C002,C002-S02,C002-S02-R1,4.8.1,1319,15.03,0.9777,1,1,none
10,2026-05-25,C002,C002-S02,C002-S02-R2,4.8.1,1288,15.29,0.9742,1,1,none
11,2026-05-25,C002,C002-S03,C002-S03-R2,4.9.0,1371,8.97,0.9646,0,1,none
12,2026-05-25,C002,C002-S04,C002-S04-R2,4.8.1,1460,14.21,0.9628,0,1,none
13,2026-05-25,C003,C003-S01,C003-S01-R1,4.9.0,1391,13.97,0.9544,0,1,none
14,2026-05-25,C003,C003-S02,C003-S02-R1,4.8.1,1123,17.81,0.9464,0,1,none
15,2026-05-25,C003,C003-S02,C003-S02-R2,4.8.2,1011,6.87,0.9532,0,1,none
16,2026-05-25,C003,C003-S03,C003-S03-R2,4.8.1,958,16.13,0.958,1,1,none
17,2026-05-25,C003,C003-S04,C003-S04-R2,4.8.2,1006,12.75,0.9622,1,1,none
18,2026-05-25,C004,C004-S02,C004-S02-R2,4.8.1,1221,15.27,0.9627,1,1,none
19,2026-05-25,C004,C004-S03,C004-S03-R2,4.8.2,937,31.15,0.938,0,0,late_ingestion
20,2026-05-25,C004,C004-S04,C004-S04-R1,4.9.0,1390,8.52,0.9764,1,1,none
21,2026-05-26,C001,C001-S01,C001-S01-R1,4.8.1,1055,13.3,0.9594,0,1,none
22,2026-05-26,C001,C001-S01,C001-S01-R2,4.9.0,1312,11.05,0.9642,0,1,none
23,2026-05-26,C001,C001-S02,C001-S02-R1,4.8.1,1452,10.23,0.9597,0,1,none
24,2026-05-26,C001,C001-S02,C001-S02-R2,4.8.1,1674,25.81,0.9556,0,0,labeling_backlog
25,2026-05-26,C001,C001-S03,C001-S03-R1,4.9.0,1434,12.01,0.957,0,1,none
26,2026-05-26,C001,C001-S03,C001-S03-R2,4.8.1,1291,12.97,0.9652,1,1,none
27,2026-05-26,C001,C001-S04,C001-S04-R1,4.9.0,905,10.0,0.9653,1,1,none
28,2026-05-26,C001,C001-S04,C001-S04-R2,4.9.0,961,6.34,0.9651,1,1,none
29,2026-05-26,C002,C002-S01,C002-S01-R1,4.8.2,1282,15.36,0.9637,0,1,none
30,2026-05-26,C002,C002-S02,C002-S02-R1,4.8.1,950,17.06,0.9822,1,1,none
31,2026-05-26,C002,C002-S02,C002-S02-R2,4.8.1,945,19.22,0.988,1,0,none
32,2026-05-26,C002,C002-S03,C002-S03-R1,4.9.0,1260,11.4,0.9726,1,1,none
33,2026-05-26,C002,C002-S04,C002-S04-R1,4.9.0,1315,12.98,0.9581,0,1,none
34,2026-05-26,C002,C002-S04,C002-S04-R2,4.8.1,1348,18.52,0.9815,1,0,none
35,2026-05-26,C003,C003-S01,C003-S01-R1,4.9.0,1443,13.9,0.9519,0,1,none
36,2026-05-26,C003,C003-S01,C003-S01-R2,4.9.0,1393,12.94,0.9445,0,1,none
37,2026-05-26,C003,C003-S02,C003-S02-R1,4.8.1,1040,15.02,0.9718,1,1,none
38,2026-05-26,C003,C003-S03,C003-S03-R1,4.8.2,1442,14.47,0.9712,1,1,none
39,2026-05-26,C003,C003-S03,C003-S03-R2,4.8.1,1447,11.6,0.9616,1,1,none
40,2026-05-26,C003,C003-S04,C003-S04-R1,4.9.0,1121,12.96,0.9631,1,1,none
41,2026-05-26,C003,C003-S04,C003-S04-R2,4.8.2,1173,20.34,0.9632,1,1,none
42,2026-05-26,C004,C004-S01,C004-S01-R1,4.8.1,952,10.97,0.9666,1,1,none
43,2026-05-26,C004,C004-S01,C004-S01-R2,4.8.1,1207,18.52,0.9544,0,1,none
44,2026-05-26,C004,C004-S02,C004-S02-R1,4.8.1,1159,9.8,0.9527,0,1,none
45,2026-05-26,C004,C004-S02,C004-S02-R2,4.8.1,858,12.12,0.9776,1,1,none
46,2026-05-26,C004,C004-S03,C004-S03-R2,4.8.2,959,10.68,0.9743,1,1,none
47,2026-05-26,C004,C004-S04,C004-S04-R1,4.9.0,1065,13.59,0.9527,0,1,none
48,2026-05-26,C004,C004-S04,C004-S04-R2,4.8.2,902,12.02,0.9559,0,1,none
49,2026-05-27,C001,C001-S01,C001-S01-R1,4.8.1,853,13.2,0.9657,1,1,none
50,2026-05-27,C001,C001-S02,C001-S02-R1,4.8.1,1424,15.37,0.9663,1,1,none
51,2026-05-27,C001,C001-S02,C001-S02-R2,4.8.1,1002,8.54,0.9553,0,1,none
52,2026-05-27,C001,C001-S03,C001-S03-R1,4.9.0,1165,12.39,0.9574,0,1,none
53,2026-05-27,C001,C001-S03,C001-S03-R2,4.8.1,890,15.66,0.981,1,1,none
54,2026-05-27,C001,C001-S04,C001-S04-R1,4.9.0,1266,12.78,0.9561,0,1,none
55,2026-05-27,C002,C002-S01,C002-S01-R1,4.8.2,1016,19.41,0.9858,1,0,none
56,2026-05-27,C002,C002-S02,C002-S02-R1,4.8.1,1271,13.18,0.9801,1,1,none
57,2026-05-27,C002,C002-S02,C002-S02-R2,4.8.1,1123,16.52,0.9839,1,1,none
58,2026-05-27,C002,C002-S03,C002-S03-R1,4.9.0,1054,17.92,0.9592,0,1,none
59,2026-05-27,C002,C002-S03,C002-S03-R2,4.9.0,1083,14.75,0.9718,1,1,none
60,2026-05-27,C002,C002-S04,C002-S04-R1,4.9.0,1371,18.34,0.9554,0,0,camera_blur
61,2026-05-27,C003,C003-S01,C003-S01-R1,4.9.0,1121,17.93,0.9721,1,1,none
62,2026-05-27,C003,C003-S01,C003-S01-R2,4.9.0,1373,14.96,0.9666,1,1,none
63,2026-05-27,C003,C003-S02,C003-S02-R1,4.8.1,895,13.96,0.97,1,1,none
64,2026-05-27,C003,C003-S03,C003-S03-R1,4.8.2,1051,13.83,0.9646,1,1,none
65,2026-05-27,C003,C003-S03,C003-S03-R2,4.8.1,1188,10.83,0.9451,0,1,none
66,2026-05-27,C003,C003-S04,C003-S04-R1,4.9.0,1268,10.91,0.97,1,1,none
67,2026-05-27,C003,C003-S04,C003-S04-R2,4.8.2,1046,7.75,0.9639,1,1,none
68,2026-05-27,C004,C004-S01,C004-S01-R1,4.8.1,1158,17.41,0.9751,1,1,none
69,2026-05-27,C004,C004-S01,C004-S01-R2,4.8.1,1065,10.43,0.973,1,1,none
70,2026-05-27,C004,C004-S02,C004-S02-R1,4.8.1,1068,15.68,0.9619,1,1,none
71,2026-05-27,C004,C004-S02,C004-S02-R2,4.8.1,1023,12.67,0.9718,1,1,none
72,2026-05-27,C004,C004-S03,C004-S03-R1,4.8.1,1090,11.94,0.9666,1,1,none
73,2026-05-27,C004,C004-S03,C004-S03-R2,4.8.2,875,22.26,0.9547,0,0,none
74,2026-05-27,C004,C004-S04,C004-S04-R1,4.9.0,1494,16.47,0.9711,1,1,none
75,2026-05-27,C004,C004-S04,C004-S04-R2,4.8.2,1259,14.17,0.9696,1,1,none
76,2026-05-28,C001,C001-S01,C001-S01-R1,4.8.1,959,18.38,0.9755,1,1,none
77,2026-05-28,C001,C001-S01,C001-S01-R2,4.9.0,1380,10.26,0.9596,0,1,none
78,2026-05-28,C001,C001-S02,C001-S02-R2,4.8.1,1393,14.85,0.957,0,1,none
79,2026-05-28,C001,C001-S03,C001-S03-R2,4.8.1,1477,16.51,0.9815,1,1,none
80,2026-05-28,C001,C001-S04,C001-S04-R1,4.9.0,1012,8.19,0.9802,1,1,none
81,2026-05-28,C001,C001-S04,C001-S04-R2,4.9.0,1103,15.29,0.9672,1,1,none
82,2026-05-28,C002,C002-S01,C002-S01-R1,4.8.2,1300,11.96,0.9725,1,1,none
83,2026-05-28,C002,C002-S01,C002-S01-R2,4.8.1,1177,14.96,0.9666,0,1,none
84,2026-05-28,C002,C002-S02,C002-S02-R1,4.8.1,1069,13.23,0.9695,0,1,none
85,2026-05-28,C002,C002-S02,C002-S02-R2,4.8.1,1275,19.25,0.9702,1,0,none
86,2026-05-28,C002,C002-S03,C002-S03-R1,4.9.0,870,16.16,0.9811,1,1,none
87,2026-05-28,C002,C002-S04,C002-S04-R1,4.9.0,1249,18.5,0.9592,0,0,camera_blur
88,2026-05-28,C002,C002-S04,C002-S04-R2,4.8.1,1248,8.09,0.9662,0,1,none
89,2026-05-28,C003,C003-S01,C003-S01-R1,4.9.0,1019,17.63,0.9634,1,1,none
90,2026-05-28,C003,C003-S02,C003-S02-R1,4.8.1,877,8.32,0.9702,1,1,none
91,2026-05-28,C003,C003-S02,C003-S02-R2,4.8.2,1036,16.78,0.9559,1,1,none
92,2026-05-28,C003,C003-S03,C003-S03-R1,4.8.2,1238,14.91,0.9528,0,1,none
93,2026-05-28,C003,C003-S03,C003-S03-R2,4.8.1,933,9.1,0.9715,1,1,none
94,2026-05-28,C003,C003-S04,C003-S04-R1,4.9.0,920,14.93,0.9716,1,1,none
95,2026-05-28,C003,C003-S04,C003-S04-R2,4.8.2,1103,14.19,0.9626,1,1,none
96,2026-05-28,C004,C004-S01,C004-S01-R1,4.8.1,1427,14.58,0.9518,0,1,none
97,2026-05-28,C004,C004-S02,C004-S02-R1,4.8.1,1470,10.11,0.9557,0,1,none
98,2026-05-28,C004,C004-S02,C004-S02-R2,4.8.1,960,10.89,0.9726,1,1,none
99,2026-05-28,C004,C004-S03,C004-S03-R1,4.8.1,1234,10.21,0.9759,1,1,none
100,2026-05-28,C004,C004-S03,C004-S03-R2,4.8.2,954,16.87,0.9687,1,1,none
101,2026-05-28,C004,C004-S04,C004-S04-R1,4.9.0,973,15.11,0.957,0,1,none
102,2026-05-28,C004,C004-S04,C004-S04-R2,4.8.2,920,10.29,0.964,1,1,none
103,2026-05-29,C001,C001-S01,C001-S01-R1,4.8.1,1351,20.02,0.9632,0,1,none
104,2026-05-29,C001,C001-S01,C001-S01-R2,4.9.0,1295,18.7,0.9779,1,1,none
105,2026-05-29,C001,C001-S02,C001-S02-R1,4.8.1,1480,15.33,0.9687,1,1,none
106,2026-05-29,C001,C001-S02,C001-S02-R2,4.8.1,1124,10.52,0.9661,1,1,none
107,2026-05-29,C001,C001-S03,C001-S03-R1,4.9.0,1135,15.65,0.9604,0,1,none
108,2026-05-29,C001,C001-S03,C001-S03-R2,4.8.1,879,12.48,0.9713,1,1,none
109,2026-05-29,C001,C001-S04,C001-S04-R1,4.9.0,1213,14.81,0.9628,0,1,none
110,2026-05-29,C002,C002-S01,C002-S01-R1,4.8.2,1266,11.39,0.9591,0,1,robot_offline
111,2026-05-29,C002,C002-S01,C002-S01-R2,4.8.1,867,15.77,0.9774,1,1,none
112,2026-05-29,C002,C002-S02,C002-S02-R1,4.8.1,1334,15.17,0.9672,0,1,none
113,2026-05-29,C002,C002-S02,C002-S02-R2,4.8.1,1413,11.73,0.9683,0,1,none
114,2026-05-29,C002,C002-S03,C002-S03-R1,4.9.0,1047,18.08,0.9655,0,0,none
115,2026-05-29,C002,C002-S03,C002-S03-R2,4.9.0,1039,15.76,0.9803,1,1,none
116,2026-05-29,C002,C002-S04,C002-S04-R1,4.9.0,1461,18.59,0.9757,1,0,none
117,2026-05-29,C002,C002-S04,C002-S04-R2,4.8.1,1082,12.37,0.961,0,1,none
118,2026-05-29,C003,C003-S01,C003-S01-R1,4.9.0,1755,32.64,0.9331,0,0,labeling_backlog
119,2026-05-29,C003,C003-S02,C003-S02-R1,4.8.1,1038,16.24,0.9571,1,1,none
120,2026-05-29,C003,C003-S03,C003-S03-R1,4.8.2,1440,13.51,0.945,0,1,none
121,2026-05-29,C003,C003-S03,C003-S03-R2,4.8.1,1426,15.2,0.9446,0,1,none
122,2026-05-29,C003,C003-S04,C003-S04-R1,4.9.0,1460,13.6,0.9597,1,1,none
123,2026-05-29,C003,C003-S04,C003-S04-R2,4.8.2,1311,16.12,0.9498,0,1,none
124,2026-05-29,C004,C004-S01,C004-S01-R1,4.8.1,911,12.63,0.9609,1,1,none
125,2026-05-29,C004,C004-S01,C004-S01-R2,4.8.1,1062,12.34,0.9702,1,1,none
126,2026-05-29,C004,C004-S02,C004-S02-R1,4.8.1,1010,12.33,0.9552,0,1,none
127,2026-05-29,C004,C004-S02,C004-S02-R2,4.8.1,1148,16.42,0.9615,1,1,none
128,2026-05-29,C004,C004-S03,C004-S03-R1,4.8.1,1089,14.5,0.9738,1,1,none
129,2026-05-29,C004,C004-S04,C004-S04-R1,4.9.0,1052,10.65,0.9668,1,1,none
130,2026-05-29,C004,C004-S04,C004-S04-R2,4.8.2,923,15.71,0.9753,1,1,none
131,2026-05-30,C001,C001-S01,C001-S01-R1,4.8.1,1432,16.84,0.9768,1,1,none
132,2026-05-30,C001,C001-S01,C001-S01-R2,4.9.0,1128,12.47,0.9621,0,1,none
133,2026-05-30,C001,C001-S02,C001-S02-R1,4.8.1,890,17.75,0.9678,1,1,none
134,2026-05-30,C001,C001-S02,C001-S02-R2,4.8.1,1439,10.87,0.9538,0,1,none
135,2026-05-30,C001,C001-S03,C001-S03-R1,4.9.0,1125,9.48,0.9536,0,1,none
136,2026-05-30,C001,C001-S03,C001-S03-R2,4.8.1,1134,11.65,0.9686,1,1,none
137,2026-05-30,C001,C001-S04,C001-S04-R1,4.9.0,1353,17.32,0.9706,1,1,none
138,2026-05-30,C001,C001-S04,C001-S04-R2,4.9.0,1014,13.35,0.9626,0,1,none
139,2026-05-30,C002,C002-S01,C002-S01-R1,4.8.2,1260,15.47,0.9788,1,1,none
140,2026-05-30,C002,C002-S01,C002-S01-R2,4.8.1,1263,10.51,0.9674,0,1,none
141,2026-05-30,C002,C002-S02,C002-S02-R2,4.8.1,1323,12.35,0.958,0,1,none
142,2026-05-30,C002,C002-S03,C002-S03-R1,4.9.0,902,15.0,0.9807,1,1,none
143,2026-05-30,C002,C002-S03,C002-S03-R2,4.9.0,1298,16.53,0.9745,1,1,none
144,2026-05-30,C002,C002-S04,C002-S04-R1,4.9.0,1012,11.65,0.9769,1,1,none
145,2026-05-30,C002,C002-S04,C002-S04-R2,4.8.1,1080,20.62,0.9584,0,0,none
146,2026-05-30,C003,C003-S01,C003-S01-R1,4.9.0,1360,13.68,0.9465,0,1,none
147,2026-05-30,C003,C003-S02,C003-S02-R1,4.8.1,1344,16.23,0.9642,1,1,none
148,2026-05-30,C003,C003-S02,C003-S02-R2,4.8.2,1370,13.72,0.9545,0,1,none
149,2026-05-30,C003,C003-S03,C003-S03-R1,4.8.2,1369,13.98,0.9363,0,1,planogram_mismatch
150,2026-05-30,C003,C003-S04,C003-S04-R1,4.9.0,1406,14.21,0.9575,1,1,none
151,2026-05-30,C003,C003-S04,C003-S04-R2,4.8.2,1094,12.03,0.971,1,1,none
152,2026-05-30,C004,C004-S01,C004-S01-R1,4.8.1,1240,13.05,0.9493,0,1,none
153,2026-05-30,C004,C004-S01,C004-S01-R2,4.8.1,1005,13.18,0.9679,1,1,none
154,2026-05-30,C004,C004-S02,C004-S02-R1,4.8.1,1300,14.02,0.9657,1,1,none
155,2026-05-30,C004,C004-S02,C004-S02-R2,4.8.1,1008,18.66,0.9636,1,1,robot_offline
156,2026-05-30,C004,C004-S03,C004-S03-R1,4.8.1,1186,16.37,0.9599,0,1,none
157,2026-05-30,C004,C004-S04,C004-S04-R2,4.8.2,1349,14.56,0.9575,0,1,none
158,2026-05-31,C001,C001-S01,C001-S01-R1,4.8.1,1082,13.42,0.9719,1,1,none
159,2026-05-31,C001,C001-S01,C001-S01-R2,4.9.0,1498,13.61,0.966,1,1,none
160,2026-05-31,C001,C001-S02,C001-S02-R1,4.8.1,1150,12.68,0.9448,0,1,camera_blur
161,2026-05-31,C001,C001-S02,C001-S02-R2,4.8.1,1034,14.59,0.9603,0,1,none
162,2026-05-31,C001,C001-S03,C001-S03-R2,4.8.1,996,15.07,0.9602,0,1,none
163,2026-05-31,C001,C001-S04,C001-S04-R1,4.9.0,859,16.7,0.9721,1,1,none
164,2026-05-31,C001,C001-S04,C001-S04-R2,4.9.0,1203,12.01,0.9694,1,1,none
165,2026-05-31,C002,C002-S01,C002-S01-R2,4.8.1,1317,15.13,0.9869,1,1,none
166,2026-05-31,C002,C002-S02,C002-S02-R1,4.8.1,1435,12.35,0.9725,1,1,none
167,2026-05-31,C002,C002-S02,C002-S02-R2,4.8.1,872,18.35,0.9669,0,0,none
168,2026-05-31,C002,C002-S03,C002-S03-R1,4.9.0,900,13.39,0.975,1,1,none
169,2026-05-31,C002,C002-S04,C002-S04-R1,4.9.0,1085,11.81,0.983,1,1,none
170,2026-05-31,C002,C002-S04,C002-S04-R2,4.8.1,990,12.26,0.9766,1,1,none
171,2026-05-31,C003,C003-S01,C003-S01-R1,4.9.0,1166,14.19,0.9701,1,1,none
172,2026-05-31,C003,C003-S01,C003-S01-R2,4.9.0,1184,13.24,0.9469,0,1,none
173,2026-05-31,C003,C003-S02,C003-S02-R1,4.8.1,1402,16.04,0.9483,0,1,none
174,2026-05-31,C003,C003-S02,C003-S02-R2,4.8.2,1343,11.99,0.9512,0,1,none
175,2026-05-31,C003,C003-S03,C003-S03-R2,4.8.1,1329,15.61,0.9691,1,1,none
176,2026-05-31,C004,C004-S01,C004-S01-R1,4.8.1,1420,13.62,0.9774,1,1,none
177,2026-05-31,C004,C004-S01,C004-S01-R2,4.8.1,1227,25.76,0.964,1,0,late_ingestion
178,2026-05-31,C004,C004-S02,C004-S02-R1,4.8.1,1424,10.04,0.9621,1,1,none
179,2026-05-31,C004,C004-S02,C004-S02-R2,4.8.1,1500,16.94,0.9663,1,1,none
180,2026-05-31,C004,C004-S03,C004-S03-R1,4.8.1,888,8.12,0.9602,1,1,none
181,2026-05-31,C004,C004-S03,C004-S03-R2,4.8.2,1400,16.17,0.9628,1,1,none
182,2026-05-31,C004,C004-S04,C004-S04-R1,4.9.0,1279,16.48,0.9703,1,1,none
183,2026-05-31,C004,C004-S04,C004-S04-R2,4.8.2,951,16.08,0.9698,1,1,none
184,2026-06-01,C001,C001-S01,C001-S01-R2,4.9.0,1305,10.41,0.9737,1,1,none
185,2026-06-01,C001,C001-S03,C001-S03-R1,4.9.0,1217,16.24,0.9736,1,1,none
186,2026-06-01,C001,C001-S04,C001-S04-R2,4.9.0,1461,14.9,0.9558,0,1,none
187,2026-06-01,C002,C002-S01,C002-S01-R2,4.8.1,1428,15.57,0.968,0,1,none
188,2026-06-01,C002,C002-S02,C002-S02-R1,4.8.1,1088,19.42,0.9756,1,0,none
189,2026-06-01,C002,C002-S02,C002-S02-R2,4.8.1,852,12.53,0.9624,0,1,none
190,2026-06-01,C002,C002-S03,C002-S03-R2,4.9.0,876,22.5,0.982,1,0,none
191,2026-06-01,C002,C002-S04,C002-S04-R1,4.9.0,1452,13.17,0.9687,0,1,none
192,2026-06-01,C002,C002-S04,C002-S04-R2,4.8.1,915,15.66,0.9803,1,1,none
193,2026-06-01,C003,C003-S01,C003-S01-R1,4.9.0,961,11.97,0.9663,1,1,none
194,2026-06-01,C003,C003-S01,C003-S01-R2,4.9.0,1383,14.63,0.9648,1,1,none
195,2026-06-01,C003,C003-S02,C003-S02-R1,4.8.1,1286,12.64,0.9444,0,1,planogram_mismatch
196,2026-06-01,C003,C003-S03,C003-S03-R1,4.8.2,1489,10.79,0.9475,0,1,none
197,2026-06-01,C003,C003-S03,C003-S03-R2,4.8.1,1461,10.76,0.9595,1,1,none
198,2026-06-01,C003,C003-S04,C003-S04-R1,4.9.0,1414,13.37,0.946,0,1,none
199,2026-06-01,C003,C003-S04,C003-S04-R2,4.8.2,1083,9.18,0.9495,0,1,none
200,2026-06-01,C004,C004-S01,C004-S01-R1,4.8.1,1170,16.9,0.9699,1,1,none
201,2026-06-01,C004,C004-S01,C004-S01-R2,4.8.1,1335,19.17,0.9592,0,1,none
202,2026-06-01,C004,C004-S02,C004-S02-R1,4.8.1,983,16.32,0.9509,0,1,none
203,2026-06-01,C004,C004-S02,C004-S02-R2,4.8.1,1187,12.51,0.9656,1,1,none
204,2026-06-01,C004,C004-S04,C004-S04-R1,4.9.0,1210,11.3,0.9611,1,1,camera_blur
205,2026-06-01,C004,C004-S04,C004-S04-R2,4.8.2,1208,15.62,0.9625,1,1,none
206,2026-06-02,C001,C001-S01,C001-S01-R1,4.8.1,1424,11.63,0.9702,1,1,none
207,2026-06-02,C001,C001-S02,C001-S02-R1,4.8.1,876,10.6,0.9714,1,1,none
208,2026-06-02,C001,C001-S02,C001-S02-R2,4.8.1,1166,11.22,0.9539,0,1,none
209,2026-06-02,C001,C001-S03,C001-S03-R2,4.8.1,1260,18.47,0.9584,0,1,none
210,2026-06-02,C001,C001-S04,C001-S04-R2,4.9.0,1314,16.09,0.9689,1,1,none
211,2026-06-02,C002,C002-S01,C002-S01-R1,4.8.2,1431,8.88,0.9691,0,1,none
212,2026-06-02,C002,C002-S01,C002-S01-R2,4.8.1,1982,24.54,0.9708,1,0,labeling_backlog
213,2026-06-02,C002,C002-S02,C002-S02-R1,4.8.1,963,13.06,0.9734,1,1,none
214,2026-06-02,C002,C002-S02,C002-S02-R2,4.8.1,906,18.42,0.9582,0,0,planogram_mismatch
215,2026-06-02,C002,C002-S03,C002-S03-R1,4.9.0,1111,13.63,0.9643,0,1,none
216,2026-06-02,C002,C002-S03,C002-S03-R2,4.9.0,1395,15.47,0.9709,1,1,none
217,2026-06-02,C002,C002-S04,C002-S04-R1,4.9.0,1212,19.37,0.973,1,0,none
218,2026-06-02,C002,C002-S04,C002-S04-R2,4.8.1,1170,16.61,0.9586,0,1,none
219,2026-06-02,C003,C003-S01,C003-S01-R1,4.9.0,1277,13.25,0.9602,1,1,none
220,2026-06-02,C003,C003-S02,C003-S02-R1,4.8.1,1220,16.96,0.9714,1,1,none
221,2026-06-02,C003,C003-S02,C003-S02-R2,4.8.2,1453,13.02,0.9683,1,1,none
222,2026-06-02,C003,C003-S03,C003-S03-R2,4.8.1,928,14.71,0.9496,0,1,none
223,2026-06-02,C003,C003-S04,C003-S04-R1,4.9.0,1207,9.51,0.9464,0,1,none
224,2026-06-02,C003,C003-S04,C003-S04-R2,4.8.2,1112,20.09,0.9474,0,1,none
225,2026-06-02,C004,C004-S01,C004-S01-R1,4.8.1,927,16.28,0.9661,1,1,none
226,2026-06-02,C004,C004-S01,C004-S01-R2,4.8.1,1309,18.63,0.9706,1,1,none
227,2026-06-02,C004,C004-S02,C004-S02-R1,4.8.1,1489,10.46,0.9745,1,1,none
228,2026-06-02,C004,C004-S02,C004-S02-R2,4.8.1,1496,21.15,0.9612,1,0,none
229,2026-06-02,C004,C004-S03,C004-S03-R1,4.8.1,1322,29.34,0.9492,0,0,late_ingestion
230,2026-06-02,C004,C004-S03,C004-S03-R2,4.8.2,1417,14.31,0.9632,1,1,none
231,2026-06-02,C004,C004-S04,C004-S04-R2,4.8.2,1435,12.47,0.9492,0,1,none
232,2026-06-03,C001,C001-S01,C001-S01-R1,4.8.1,2016,20.69,0.9402,0,1,labeling_backlog
233,2026-06-03,C001,C001-S01,C001-S01-R2,4.9.0,1385,11.8,0.9661,1,1,none
234,2026-06-03,C001,C001-S02,C001-S02-R2,4.8.1,903,12.18,0.9762,1,1,none
235,2026-06-03,C001,C001-S03,C001-S03-R1,4.9.0,1840,31.57,0.9586,0,0,labeling_backlog
236,2026-06-03,C001,C001-S03,C001-S03-R2,4.8.1,1167,19.86,0.9729,1,1,none
237,2026-06-03,C001,C001-S04,C001-S04-R2,4.9.0,936,12.93,0.9648,0,1,none
238,2026-06-03,C002,C002-S01,C002-S01-R1,4.8.2,1389,16.71,0.9824,1,1,none
239,2026-06-03,C002,C002-S01,C002-S01-R2,4.8.1,868,12.77,0.9781,1,1,none
240,2026-06-03,C002,C002-S02,C002-S02-R1,4.8.1,1081,15.44,0.9864,1,1,none
241,2026-06-03,C002,C002-S03,C002-S03-R1,4.9.0,1369,14.74,0.9669,0,1,none
242,2026-06-03,C002,C002-S04,C002-S04-R1,4.9.0,984,8.35,0.9681,0,1,none
243,2026-06-03,C002,C002-S04,C002-S04-R2,4.8.1,1489,14.65,0.9626,0,1,none
244,2026-06-03,C003,C003-S01,C003-S01-R1,4.9.0,1093,12.32,0.9553,1,1,none
245,2026-06-03,C003,C003-S02,C003-S02-R1,4.8.1,1089,11.48,0.9656,1,1,none
246,2026-06-03,C003,C003-S02,C003-S02-R2,4.8.2,1226,13.45,0.9571,1,1,none
247,2026-06-03,C003,C003-S03,C003-S03-R1,4.8.2,1138,14.62,0.9601,1,1,none
248,2026-06-03,C003,C003-S03,C003-S03-R2,4.8.1,1469,10.51,0.9479,0,1,none
249,2026-06-03,C003,C003-S04,C003-S04-R1,4.9.0,1230,12.69,0.9505,0,1,none
250,2026-06-03,C004,C004-S01,C004-S01-R2,4.8.1,1375,13.53,0.9709,1,1,none
251,2026-06-03,C004,C004-S02,C004-S02-R1,4.8.1,1077,16.54,0.9611,1,1,none
252,2026-06-03,C004,C004-S03,C004-S03-R1,4.8.1,1245,8.3,0.9599,0,1,none
253,2026-06-03,C004,C004-S04,C004-S04-R1,4.9.0,1193,14.42,0.9488,0,1,none
254,2026-06-03,C004,C004-S04,C004-S04-R2,4.8.2,992,12.42,0.9729,1,1,none
255,2026-06-04,C001,C001-S01,C001-S01-R1,4.8.1,931,16.08,0.9671,1,1,none
256,2026-06-04,C001,C001-S01,C001-S01-R2,4.9.0,1283,14.25,0.9812,1,1,none
257,2026-06-04,C001,C001-S02,C001-S02-R1,4.8.1,898,14.31,0.9616,0,1,none
258,2026-06-04,C001,C001-S02,C001-S02-R2,4.8.1,1361,18.27,0.9549,0,1,none
259,2026-06-04,C001,C001-S03,C001-S03-R1,4.9.0,1097,13.51,0.9535,0,1,none
260,2026-06-04,C001,C001-S03,C001-S03-R2,4.8.1,1041,11.56,0.9636,0,1,none
261,2026-06-04,C001,C001-S04,C001-S04-R1,4.9.0,919,17.6,0.9556,0,1,none
262,2026-06-04,C001,C001-S04,C001-S04-R2,4.9.0,1246,12.91,0.9616,0,1,planogram_mismatch
263,2026-06-04,C002,C002-S01,C002-S01-R1,4.8.2,1493,17.15,0.9525,0,1,robot_offline
264,2026-06-04,C002,C002-S01,C002-S01-R2,4.8.1,1029,16.4,0.9744,1,1,none
265,2026-06-04,C002,C002-S02,C002-S02-R1,4.8.1,1340,10.29,0.9785,1,1,none
266,2026-06-04,C002,C002-S02,C002-S02-R2,4.8.1,1150,9.96,0.9813,1,1,none
267,2026-06-04,C002,C002-S03,C002-S03-R1,4.9.0,1173,17.3,0.9817,1,1,none
268,2026-06-04,C002,C002-S04,C002-S04-R1,4.9.0,1045,12.53,0.9656,0,1,none
269,2026-06-04,C002,C002-S04,C002-S04-R2,4.8.1,977,22.78,0.9732,1,0,store_access_delay
270,2026-06-04,C003,C003-S01,C003-S01-R1,4.9.0,1226,10.94,0.9486,0,1,none
271,2026-06-04,C003,C003-S02,C003-S02-R1,4.8.1,930,5.13,0.967,1,1,none
272,2026-06-04,C003,C003-S02,C003-S02-R2,4.8.2,1185,18.13,0.9518,0,1,none
273,2026-06-04,C003,C003-S03,C003-S03-R1,4.8.2,1286,15.63,0.9522,0,1,none
274,2026-06-04,C003,C003-S03,C003-S03-R2,4.8.1,1479,16.81,0.9648,1,1,none
275,2026-06-04,C003,C003-S04,C003-S04-R2,4.8.2,926,12.54,0.9724,1,1,none
276,2026-06-04,C004,C004-S01,C004-S01-R1,4.8.1,881,11.3,0.9705,1,1,none
277,2026-06-04,C004,C004-S01,C004-S01-R2,4.8.1,885,15.54,0.9662,1,1,none
278,2026-06-04,C004,C004-S02,C004-S02-R1,4.8.1,883,15.57,0.9589,0,1,none
279,2026-06-04,C004,C004-S02,C004-S02-R2,4.8.1,1230,12.87,0.9684,1,1,none
280,2026-06-04,C004,C004-S03,C004-S03-R1,4.8.1,1135,14.41,0.959,0,1,none
281,2026-06-04,C004,C004-S03,C004-S03-R2,4.8.2,1361,7.4,0.9514,0,1,none
282,2026-06-04,C004,C004-S04,C004-S04-R1,4.9.0,1069,13.26,0.9712,1,1,none
283,2026-06-05,C001,C001-S01,C001-S01-R1,4.8.1,975,14.77,0.9805,1,1,none
284,2026-06-05,C001,C001-S01,C001-S01-R2,4.9.0,1177,14.89,0.9744,1,1,none
285,2026-06-05,C001,C001-S02,C001-S02-R1,4.8.1,1147,18.54,0.9743,1,1,none
286,2026-06-05,C001,C001-S02,C001-S02-R2,4.8.1,1220,10.3,0.9808,1,1,none
287,2026-06-05,C001,C001-S03,C001-S03-R1,4.9.0,992,14.29,0.9566,0,1,none
288,2026-06-05,C001,C001-S03,C001-S03-R2,4.8.1,1414,17.49,0.9702,1,1,none
289,2026-06-05,C001,C001-S04,C001-S04-R1,4.9.0,1340,8.93,0.9595,0,1,planogram_mismatch
290,2026-06-05,C002,C002-S01,C002-S01-R1,4.8.2,1202,13.17,0.9715,1,1,none
291,2026-06-05,C002,C002-S01,C002-S01-R2,4.8.1,1451,17.24,0.9829,1,1,none
292,2026-06-05,C002,C002-S02,C002-S02-R1,4.8.1,1695,30.73,0.9721,1,0,labeling_backlog
293,2026-06-05,C002,C002-S03,C002-S03-R1,4.9.0,1051,11.49,0.9665,0,1,none
294,2026-06-05,C002,C002-S03,C002-S03-R2,4.9.0,1364,11.15,0.9671,0,1,none
295,2026-06-05,C002,C002-S04,C002-S04-R1,4.9.0,1025,11.4,0.9758,1,1,none
296,2026-06-05,C002,C002-S04,C002-S04-R2,4.8.1,879,9.98,0.9833,1,1,none
297,2026-06-05,C003,C003-S01,C003-S01-R1,4.9.0,1121,11.02,0.9715,1,1,none
298,2026-06-05,C003,C003-S01,C003-S01-R2,4.9.0,1492,9.84,0.9622,1,1,none
299,2026-06-05,C003,C003-S02,C003-S02-R1,4.8.1,1100,15.54,0.9623,1,1,none
300,2026-06-05,C003,C003-S02,C003-S02-R2,4.8.2,1325,9.71,0.9334,0,1,planogram_mismatch
301,2026-06-05,C003,C003-S03,C003-S03-R1,4.8.2,1203,15.57,0.9524,0,1,none
302,2026-06-05,C003,C003-S03,C003-S03-R2,4.8.1,1327,13.76,0.9598,1,1,none
303,2026-06-05,C003,C003-S04,C003-S04-R1,4.9.0,901,13.26,0.9565,1,1,none
304,2026-06-05,C003,C003-S04,C003-S04-R2,4.8.2,1013,16.86,0.9504,0,1,none
305,2026-06-05,C004,C004-S01,C004-S01-R1,4.8.1,1044,14.29,0.976,1,1,none
306,2026-06-05,C004,C004-S01,C004-S01-R2,4.8.1,873,10.49,0.963,1,1,none
307,2026-06-05,C004,C004-S02,C004-S02-R1,4.8.1,1096,14.61,0.9598,0,1,none
308,2026-06-05,C004,C004-S02,C004-S02-R2,4.8.1,1331,16.73,0.9628,1,1,none
309,2026-06-05,C004,C004-S03,C004-S03-R1,4.8.1,987,17.58,0.9482,0,1,none
310,2026-06-05,C004,C004-S03,C004-S03-R2,4.8.2,1433,10.74,0.959,0,1,none
311,2026-06-05,C004,C004-S04,C004-S04-R1,4.9.0,1245,8.9,0.9589,0,1,none
312,2026-06-05,C004,C004-S04,C004-S04-R2,4.8.2,971,13.86,0.9777,1,1,none
313,2026-06-06,C001,C001-S01,C001-S01-R1,4.8.1,1197,11.32,0.9559,0,1,none
314,2026-06-06,C001,C001-S01,C001-S01-R2,4.9.0,891,12.98,0.9711,1,1,none
315,2026-06-06,C001,C001-S02,C001-S02-R1,4.8.1,1335,12.31,0.9571,0,1,none
316,2026-06-06,C001,C001-S03,C001-S03-R1,4.9.0,1252,13.79,0.9809,1,1,none
317,2026-06-06,C001,C001-S04,C001-S04-R1,4.9.0,1371,9.38,0.962,0,1,none
318,2026-06-06,C001,C001-S04,C001-S04-R2,4.9.0,962,13.05,0.9775,1,1,none
319,2026-06-06,C002,C002-S01,C002-S01-R2,4.8.1,1494,17.36,0.9819,1,1,none
320,2026-06-06,C002,C002-S02,C002-S02-R2,4.8.1,902,14.57,0.9813,1,1,none
321,2026-06-06,C002,C002-S03,C002-S03-R1,4.9.0,1484,14.45,0.9631,0,1,none
322,2026-06-06,C002,C002-S03,C002-S03-R2,4.9.0,962,11.1,0.9653,0,1,none
323,2026-06-06,C002,C002-S04,C002-S04-R1,4.9.0,1272,12.87,0.9712,1,1,none
324,2026-06-06,C002,C002-S04,C002-S04-R2,4.8.1,913,11.13,0.9856,1,1,none
325,2026-06-06,C003,C003-S01,C003-S01-R1,4.9.0,1339,11.43,0.9586,1,1,none
326,2026-06-06,C003,C003-S01,C003-S01-R2,4.9.0,1212,13.59,0.9704,1,1,none
327,2026-06-06,C003,C003-S02,C003-S02-R1,4.8.1,1120,12.49,0.969,1,1,none
328,2026-06-06,C003,C003-S02,C003-S02-R2,4.8.2,1154,12.75,0.9597,1,1,none
329,2026-06-06,C003,C003-S03,C003-S03-R1,4.8.2,1350,12.86,0.9641,1,1,none
330,2026-06-06,C003,C003-S04,C003-S04-R1,4.9.0,1406,16.54,0.9512,0,1,none
331,2026-06-06,C003,C003-S04,C003-S04-R2,4.8.2,999,13.38,0.9724,1,1,none
332,2026-06-06,C004,C004-S01,C004-S01-R1,4.8.1,1112,16.39,0.9584,0,1,none
333,2026-06-06,C004,C004-S01,C004-S01-R2,4.8.1,1127,18.23,0.9544,0,1,none
334,2026-06-06,C004,C004-S02,C004-S02-R1,4.8.1,1098,12.11,0.9665,1,1,none
335,2026-06-06,C004,C004-S02,C004-S02-R2,4.8.1,1088,16.93,0.9752,1,1,none
336,2026-06-06,C004,C004-S03,C004-S03-R1,4.8.1,855,15.0,0.951,0,1,none
337,2026-06-06,C004,C004-S04,C004-S04-R2,4.8.2,1337,12.02,0.9676,1,1,none
338,2026-06-07,C001,C001-S01,C001-S01-R2,4.9.0,941,14.28,0.9724,1,1,none
339,2026-06-07,C001,C001-S02,C001-S02-R1,4.8.1,888,15.59,0.96,0,1,none
340,2026-06-07,C001,C001-S03,C001-S03-R1,4.9.0,1256,13.03,0.9806,1,1,none
341,2026-06-07,C001,C001-S03,C001-S03-R2,4.8.1,1146,14.29,0.9586,0,1,none
342,2026-06-07,C001,C001-S04,C001-S04-R1,4.9.0,1141,13.71,0.9562,0,1,none
343,2026-06-07,C001,C001-S04,C001-S04-R2,4.9.0,987,16.0,0.9722,1,1,none
344,2026-06-07,C002,C002-S01,C002-S01-R1,4.8.2,1319,11.29,0.9614,0,1,none
345,2026-06-07,C002,C002-S01,C002-S01-R2,4.8.1,1431,13.1,0.9625,0,1,camera_blur
346,2026-06-07,C002,C002-S02,C002-S02-R1,4.8.1,1039,12.25,0.9606,0,1,none
347,2026-06-07,C002,C002-S03,C002-S03-R1,4.9.0,1123,16.44,0.9768,1,1,planogram_mismatch
348,2026-06-07,C002,C002-S03,C002-S03-R2,4.9.0,1670,28.14,0.9663,0,0,labeling_backlog
349,2026-06-07,C002,C002-S04,C002-S04-R1,4.9.0,1076,14.31,0.9862,1,1,none
350,2026-06-07,C002,C002-S04,C002-S04-R2,4.8.1,1275,15.58,0.9804,1,1,none
351,2026-06-07,C003,C003-S01,C003-S01-R1,4.9.0,1073,14.34,0.9704,1,1,none
352,2026-06-07,C003,C003-S01,C003-S01-R2,4.9.0,1390,9.48,0.9666,1,1,none
353,2026-06-07,C003,C003-S02,C003-S02-R1,4.8.1,913,17.08,0.9453,0,1,none
354,2026-06-07,C003,C003-S02,C003-S02-R2,4.8.2,1382,8.3,0.9591,1,1,none
355,2026-06-07,C003,C003-S03,C003-S03-R1,4.8.2,1350,17.02,0.9634,1,1,none
356,2026-06-07,C003,C003-S03,C003-S03-R2,4.8.1,1317,15.94,0.9566,1,1,none
357,2026-06-07,C003,C003-S04,C003-S04-R1,4.9.0,1165,13.5,0.9598,1,1,none
358,2026-06-07,C003,C003-S04,C003-S04-R2,4.8.2,896,11.03,0.9654,1,1,none
359,2026-06-07,C004,C004-S01,C004-S01-R1,4.8.1,911,15.04,0.969,1,1,none
360,2026-06-07,C004,C004-S02,C004-S02-R1,4.8.1,1280,13.55,0.9603,1,1,none
361,2026-06-07,C004,C004-S02,C004-S02-R2,4.8.1,1236,10.77,0.9747,1,1,none
362,2026-06-07,C004,C004-S03,C004-S03-R1,4.8.1,1206,17.2,0.9642,1,1,none
363,2026-06-07,C004,C004-S03,C004-S03-R2,4.8.2,980,13.7,0.9778,1,1,none
364,2026-06-07,C004,C004-S04,C004-S04-R1,4.9.0,1407,11.89,0.9487,0,1,none
365,2026-06-07,C004,C004-S04,C004-S04-R2,4.8.2,1321,12.63,0.9594,0,1,none
366,2026-06-08,C001,C001-S01,C001-S01-R2,4.9.0,1279,15.98,0.9564,0,1,none
367,2026-06-08,C001,C001-S02,C001-S02-R1,4.8.1,1096,14.38,0.9811,1,1,none
368,2026-06-08,C001,C001-S02,C001-S02-R2,4.8.1,899,15.33,0.9709,1,1,none
369,2026-06-08,C001,C001-S03,C001-S03-R1,4.9.0,1402,15.22,0.9543,0,1,none
370,2026-06-08,C001,C001-S03,C001-S03-R2,4.8.1,1439,19.86,0.9681,1,1,none
371,2026-06-08,C001,C001-S04,C001-S04-R1,4.9.0,1178,14.5,0.9709,1,1,none
372,2026-06-08,C002,C002-S01,C002-S01-R1,4.8.2,1420,20.11,0.9704,1,0,none
373,2026-06-08,C002,C002-S03,C002-S03-R1,4.9.0,1202,18.18,0.9708,1,0,none
374,2026-06-08,C002,C002-S03,C002-S03-R2,4.9.0,1002,12.39,0.9676,0,1,none
375,2026-06-08,C002,C002-S04,C002-S04-R1,4.9.0,1096,15.48,0.9635,0,1,none
376,2026-06-08,C002,C002-S04,C002-S04-R2,4.8.1,1425,11.94,0.9822,1,1,none
377,2026-06-08,C003,C003-S01,C003-S01-R1,4.9.0,1247,14.09,0.9555,1,1,none
378,2026-06-08,C003,C003-S01,C003-S01-R2,4.9.0,944,16.02,0.9707,1,1,none
379,2026-06-08,C003,C003-S02,C003-S02-R1,4.8.1,1467,15.13,0.9525,0,1,planogram_mismatch
380,2026-06-08,C003,C003-S02,C003-S02-R2,4.8.2,865,14.29,0.9702,1,1,none
381,2026-06-08,C003,C003-S03,C003-S03-R1,4.8.2,1340,17.97,0.9487,0,1,none
382,2026-06-08,C003,C003-S03,C003-S03-R2,4.8.1,1179,11.63,0.9549,0,1,none
383,2026-06-08,C003,C003-S04,C003-S04-R1,4.9.0,1217,12.98,0.9544,0,1,none
384,2026-06-08,C004,C004-S01,C004-S01-R1,4.8.1,1177,16.64,0.9721,1,1,none
385,2026-06-08,C004,C004-S02,C004-S02-R1,4.8.1,1076,13.97,0.9604,1,1,none
386,2026-06-08,C004,C004-S02,C004-S02-R2,4.8.1,1152,13.46,0.9655,1,1,none
387,2026-06-08,C004,C004-S03,C004-S03-R1,4.8.1,1101,9.63,0.9579,0,1,none
388,2026-06-08,C004,C004-S03,C004-S03-R2,4.8.2,1352,14.02,0.9557,0,1,none
389,2026-06-08,C004,C004-S04,C004-S04-R1,4.9.0,993,13.36,0.97,1,1,none
390,2026-06-09,C001,C001-S01,C001-S01-R1,4.8.1,1794,25.27,0.9545,0,0,labeling_backlog
391,2026-06-09,C001,C001-S01,C001-S01-R2,4.9.0,1367,12.98,0.9658,1,1,robot_offline
392,2026-06-09,C001,C001-S02,C001-S02-R1,4.8.1,867,14.29,0.969,1,1,none
393,2026-06-09,C001,C001-S02,C001-S02-R2,4.8.1,867,9.36,0.9612,0,1,none
394,2026-06-09,C001,C001-S03,C001-S03-R1,4.9.0,948,13.94,0.9812,1,1,none
395,2026-06-09,C001,C001-S03,C001-S03-R2,4.8.1,1108,14.94,0.9602,0,1,none
396,2026-06-09,C001,C001-S04,C001-S04-R1,4.9.0,1428,11.83,0.9642,0,1,none
397,2026-06-09,C001,C001-S04,C001-S04-R2,4.9.0,932,10.63,0.9739,1,1,none
398,2026-06-09,C002,C002-S01,C002-S01-R1,4.8.2,1415,9.12,0.9608,0,1,none
399,2026-06-09,C002,C002-S01,C002-S01-R2,4.8.1,934,10.8,0.9771,1,1,none
400,2026-06-09,C002,C002-S02,C002-S02-R1,4.8.1,947,14.0,0.975,1,1,none
401,2026-06-09,C002,C002-S03,C002-S03-R2,4.9.0,1430,13.08,0.985,1,1,none
402,2026-06-09,C002,C002-S04,C002-S04-R1,4.9.0,1427,14.14,0.9858,1,1,none
403,2026-06-09,C002,C002-S04,C002-S04-R2,4.8.1,866,17.87,0.9634,0,1,none
404,2026-06-09,C003,C003-S01,C003-S01-R1,4.9.0,928,13.04,0.9644,1,1,none
405,2026-06-09,C003,C003-S01,C003-S01-R2,4.9.0,1248,12.34,0.9599,1,1,none
406,2026-06-09,C003,C003-S02,C003-S02-R1,4.8.1,930,10.64,0.9652,1,1,none
407,2026-06-09,C003,C003-S02,C003-S02-R2,4.8.2,927,11.23,0.963,1,1,planogram_mismatch
408,2026-06-09,C003,C003-S03,C003-S03-R1,4.8.2,1352,18.33,0.9512,0,1,none
409,2026-06-09,C003,C003-S03,C003-S03-R2,4.8.1,1040,12.11,0.9596,1,1,none
410,2026-06-09,C003,C003-S04,C003-S04-R1,4.9.0,925,10.01,0.9616,1,1,none
411,2026-06-09,C003,C003-S04,C003-S04-R2,4.8.2,1499,15.69,0.9476,0,1,none
412,2026-06-09,C004,C004-S01,C004-S01-R1,4.8.1,1305,16.46,0.9507,0,1,none
413,2026-06-09,C004,C004-S01,C004-S01-R2,4.8.1,1041,10.53,0.9561,0,1,none
414,2026-06-09,C004,C004-S02,C004-S02-R1,4.8.1,1417,15.61,0.9511,0,1,none
415,2026-06-09,C004,C004-S02,C004-S02-R2,4.8.1,1244,17.09,0.9659,1,1,none
416,2026-06-09,C004,C004-S03,C004-S03-R1,4.8.1,1098,14.24,0.9697,1,1,none
417,2026-06-09,C004,C004-S03,C004-S03-R2,4.8.2,992,13.72,0.9531,0,1,none
418,2026-06-09,C004,C004-S04,C004-S04-R1,4.9.0,1156,16.36,0.953,0,1,none
419,2026-06-09,C004,C004-S04,C004-S04-R2,4.8.2,1102,13.36,0.9503,0,1,none
420,2026-06-10,C001,C001-S01,C001-S01-R1,4.8.1,856,10.55,0.9667,1,1,none
421,2026-06-10,C001,C001-S02,C001-S02-R1,4.8.1,1187,11.04,0.9716,1,1,none
422,2026-06-10,C001,C001-S02,C001-S02-R2,4.8.1,1157,15.17,0.9725,1,1,none
423,2026-06-10,C001,C001-S03,C001-S03-R1,4.9.0,1171,15.33,0.9814,1,1,none
424,2026-06-10,C001,C001-S03,C001-S03-R2,4.8.1,1439,16.72,0.975,1,1,none
425,2026-06-10,C001,C001-S04,C001-S04-R1,4.9.0,1252,9.4,0.9628,0,1,none
426,2026-06-10,C001,C001-S04,C001-S04-R2,4.9.0,1413,19.22,0.9829,1,1,none
427,2026-06-10,C002,C002-S01,C002-S01-R1,4.8.2,1064,11.69,0.9798,1,1,none
428,2026-06-10,C002,C002-S01,C002-S01-R2,4.8.1,1268,14.94,0.9826,1,1,none
429,2026-06-10,C002,C002-S02,C002-S02-R1,4.8.1,1108,11.42,0.9622,0,1,none
430,2026-06-10,C002,C002-S02,C002-S02-R2,4.8.1,1340,10.01,0.9602,0,1,none
431,2026-06-10,C002,C002-S03,C002-S03-R1,4.9.0,1278,8.89,0.974,1,1,none
432,2026-06-10,C002,C002-S03,C002-S03-R2,4.9.0,937,12.56,0.9849,1,1,none
433,2026-06-10,C002,C002-S04,C002-S04-R1,4.9.0,1020,13.46,0.9654,0,1,none
434,2026-06-10,C003,C003-S01,C003-S01-R1,4.9.0,1290,13.28,0.955,0,1,none
435,2026-06-10,C003,C003-S01,C003-S01-R2,4.9.0,1381,9.72,0.946,0,1,none
436,2026-06-10,C003,C003-S02,C003-S02-R1,4.8.1,1452,12.37,0.9542,0,1,none
437,2026-06-10,C003,C003-S02,C003-S02-R2,4.8.2,1344,16.46,0.9475,0,1,none
438,2026-06-10,C003,C003-S03,C003-S03-R2,4.8.1,1169,15.9,0.9712,1,1,none
439,2026-06-10,C003,C003-S04,C003-S04-R1,4.9.0,1206,10.81,0.9665,1,1,none
440,2026-06-10,C003,C003-S04,C003-S04-R2,4.8.2,967,14.48,0.9526,0,1,none
441,2026-06-10,C004,C004-S01,C004-S01-R1,4.8.1,1018,18.46,0.9583,0,1,none
442,2026-06-10,C004,C004-S01,C004-S01-R2,4.8.1,1286,11.9,0.9646,1,1,none
443,2026-06-10,C004,C004-S02,C004-S02-R2,4.8.1,1292,10.11,0.9602,1,1,none
444,2026-06-10,C004,C004-S03,C004-S03-R2,4.8.2,914,16.99,0.952,0,1,robot_offline
445,2026-06-10,C004,C004-S04,C004-S04-R1,4.9.0,1351,9.78,0.9539,0,1,none
446,2026-06-10,C004,C004-S04,C004-S04-R2,4.8.2,1206,13.26,0.9663,1,1,none
447,2026-06-11,C001,C001-S01,C001-S01-R1,4.8.1,1154,17.5,0.9667,1,1,none
448,2026-06-11,C001,C001-S01,C001-S01-R2,4.9.0,969,12.04,0.9624,0,1,none
449,2026-06-11,C001,C001-S02,C001-S02-R1,4.8.1,1278,10.77,0.9738,1,1,none
450,2026-06-11,C001,C001-S02,C001-S02-R2,4.8.1,1027,11.77,0.9676,1,1,none
451,2026-06-11,C001,C001-S03,C001-S03-R1,4.9.0,1172,16.28,0.9677,1,1,none
452,2026-06-11,C001,C001-S04,C001-S04-R2,4.9.0,1425,10.51,0.9589,0,1,none
453,2026-06-11,C002,C002-S01,C002-S01-R1,4.8.2,1275,13.19,0.9728,1,1,none
454,2026-06-11,C002,C002-S01,C002-S01-R2,4.8.1,1075,10.85,0.975,1,1,none
455,2026-06-11,C002,C002-S02,C002-S02-R1,4.8.1,1022,14.74,0.9662,0,1,none
456,2026-06-11,C002,C002-S02,C002-S02-R2,4.8.1,1436,10.2,0.9729,1,1,none
457,2026-06-11,C002,C002-S03,C002-S03-R1,4.9.0,1225,9.13,0.9813,1,1,none
458,2026-06-11,C002,C002-S03,C002-S03-R2,4.9.0,1285,12.68,0.9712,1,1,none
459,2026-06-11,C002,C002-S04,C002-S04-R1,4.9.0,1154,14.54,0.9829,1,1,none
460,2026-06-11,C002,C002-S04,C002-S04-R2,4.8.1,970,13.46,0.9839,1,1,none
461,2026-06-11,C003,C003-S01,C003-S01-R1,4.9.0,1452,11.78,0.9501,0,1,none
462,2026-06-11,C003,C003-S01,C003-S01-R2,4.9.0,1061,8.47,0.9558,1,1,none
463,2026-06-11,C003,C003-S02,C003-S02-R1,4.8.1,1395,13.28,0.9672,1,1,none
464,2026-06-11,C003,C003-S02,C003-S02-R2,4.8.2,1123,17.66,0.9641,1,1,none
465,2026-06-11,C003,C003-S03,C003-S03-R2,4.8.1,988,19.12,0.97,1,1,none
466,2026-06-11,C004,C004-S01,C004-S01-R2,4.8.1,1179,12.78,0.974,1,1,none
467,2026-06-11,C004,C004-S02,C004-S02-R1,4.8.1,1351,16.66,0.9708,1,1,none
468,2026-06-11,C004,C004-S02,C004-S02-R2,4.8.1,945,17.31,0.9593,0,1,none
469,2026-06-11,C004,C004-S03,C004-S03-R1,4.8.1,1227,10.67,0.9705,1,1,none
470,2026-06-11,C004,C004-S03,C004-S03-R2,4.8.2,945,14.97,0.9741,1,1,none
471,2026-06-11,C004,C004-S04,C004-S04-R1,4.9.0,1216,17.15,0.9618,1,1,none
472,2026-06-11,C004,C004-S04,C004-S04-R2,4.8.2,1356,9.68,0.977,1,1,none
473,2026-06-12,C001,C001-S01,C001-S01-R1,4.8.1,1441,18.0,0.9779,1,1,none
474,2026-06-12,C001,C001-S01,C001-S01-R2,4.9.0,897,18.29,0.9798,1,1,none
475,2026-06-12,C001,C001-S02,C001-S02-R1,4.8.1,977,15.59,0.9765,1,1,none
476,2026-06-12,C001,C001-S02,C001-S02-R2,4.8.1,985,13.25,0.9828,1,1,none
477,2026-06-12,C001,C001-S03,C001-S03-R2,4.8.1,945,12.71,0.9792,1,1,none
478,2026-06-12,C001,C001-S04,C001-S04-R1,4.9.0,1255,12.12,0.9801,1,1,none
479,2026-06-12,C001,C001-S04,C001-S04-R2,4.9.0,1289,11.38,0.9748,1,1,none
480,2026-06-12,C002,C002-S01,C002-S01-R1,4.8.2,1081,10.12,0.9723,1,1,none
481,2026-06-12,C002,C002-S01,C002-S01-R2,4.8.1,1282,12.82,0.9539,0,1,camera_blur
482,2026-06-12,C002,C002-S02,C002-S02-R1,4.8.1,1226,10.79,0.9822,1,1,none
483,2026-06-12,C002,C002-S03,C002-S03-R1,4.9.0,986,11.16,0.9812,1,1,none
484,2026-06-12,C002,C002-S03,C002-S03-R2,4.9.0,1018,10.5,0.9749,1,1,none
485,2026-06-12,C002,C002-S04,C002-S04-R1,4.9.0,1005,17.64,0.9797,1,1,none
486,2026-06-12,C002,C002-S04,C002-S04-R2,4.8.1,993,12.0,0.9645,0,1,none
487,2026-06-12,C003,C003-S01,C003-S01-R1,4.9.0,1289,13.35,0.9607,1,1,none
488,2026-06-12,C003,C003-S01,C003-S01-R2,4.9.0,1464,15.51,0.9455,0,1,none
489,2026-06-12,C003,C003-S02,C003-S02-R1,4.8.1,877,16.54,0.9515,0,1,none
490,2026-06-12,C003,C003-S02,C003-S02-R2,4.8.2,1251,10.41,0.9585,1,1,none
491,2026-06-12,C003,C003-S03,C003-S03-R1,4.8.2,1095,12.53,0.9446,0,1,none
492,2026-06-12,C003,C003-S03,C003-S03-R2,4.8.1,862,14.05,0.9608,1,1,none
493,2026-06-12,C004,C004-S01,C004-S01-R1,4.8.1,1224,12.23,0.9738,1,1,none
494,2026-06-12,C004,C004-S01,C004-S01-R2,4.8.1,1451,13.47,0.9776,1,1,none
495,2026-06-12,C004,C004-S02,C004-S02-R1,4.8.1,1966,28.59,0.9366,0,0,labeling_backlog
496,2026-06-12,C004,C004-S02,C004-S02-R2,4.8.1,1134,18.61,0.9641,1,1,none
497,2026-06-12,C004,C004-S03,C004-S03-R1,4.8.1,1009,11.09,0.9504,0,1,none
498,2026-06-12,C004,C004-S03,C004-S03-R2,4.8.2,917,13.32,0.973,1,1,none
499,2026-06-12,C004,C004-S04,C004-S04-R1,4.9.0,1094,15.19,0.9611,1,1,none
500,2026-06-12,C004,C004-S04,C004-S04-R2,4.8.2,1166,14.45,0.9616,1,1,none
501,2026-06-13,C001,C001-S01,C001-S01-R1,4.8.1,862,12.78,0.9727,1,1,none
502,2026-06-13,C001,C001-S01,C001-S01-R2,4.9.0,1115,9.5,0.9816,1,1,none
503,2026-06-13,C001,C001-S02,C001-S02-R1,4.8.1,1125,13.84,0.9568,0,1,none
504,2026-06-13,C001,C001-S03,C001-S03-R1,4.9.0,1119,12.5,0.9659,1,1,none
505,2026-06-13,C001,C001-S03,C001-S03-R2,4.8.1,1316,12.99,0.9703,1,1,none
506,2026-06-13,C001,C001-S04,C001-S04-R2,4.9.0,1437,13.93,0.9577,0,1,none
507,2026-06-13,C002,C002-S01,C002-S01-R1,4.8.2,852,19.75,0.9615,0,0,none
508,2026-06-13,C002,C002-S01,C002-S01-R2,4.8.1,1003,15.63,0.9722,1,1,none
509,2026-06-13,C002,C002-S02,C002-S02-R1,4.8.1,1279,25.77,0.9704,1,0,store_access_delay
510,2026-06-13,C002,C002-S02,C002-S02-R2,4.8.1,903,16.24,0.9751,1,1,none
511,2026-06-13,C002,C002-S03,C002-S03-R1,4.9.0,1260,17.05,0.9821,1,1,none
512,2026-06-13,C002,C002-S03,C002-S03-R2,4.9.0,1416,15.41,0.9833,1,1,none
513,2026-06-13,C002,C002-S04,C002-S04-R1,4.9.0,1161,13.85,0.9691,0,1,none
514,2026-06-13,C002,C002-S04,C002-S04-R2,4.8.1,1050,11.77,0.9872,1,1,none
515,2026-06-13,C003,C003-S01,C003-S01-R1,4.9.0,1004,17.08,0.9594,1,1,none
516,2026-06-13,C003,C003-S01,C003-S01-R2,4.9.0,859,14.12,0.9534,0,1,none
517,2026-06-13,C003,C003-S02,C003-S02-R2,4.8.2,1164,16.93,0.9627,1,1,none
518,2026-06-13,C003,C003-S03,C003-S03-R1,4.8.2,945,16.24,0.9418,0,1,robot_offline
519,2026-06-13,C003,C003-S04,C003-S04-R1,4.9.0,936,10.89,0.964,1,1,none
520,2026-06-13,C003,C003-S04,C003-S04-R2,4.8.2,913,12.27,0.9548,0,1,none
521,2026-06-13,C004,C004-S01,C004-S01-R1,4.8.1,1117,18.06,0.9769,1,1,none
522,2026-06-13,C004,C004-S01,C004-S01-R2,4.8.1,1313,8.48,0.973,1,1,none
523,2026-06-13,C004,C004-S02,C004-S02-R1,4.8.1,1448,15.1,0.9502,0,1,none
524,2026-06-13,C004,C004-S02,C004-S02-R2,4.8.1,1216,14.9,0.9574,0,1,none
525,2026-06-13,C004,C004-S03,C004-S03-R2,4.8.2,972,18.59,0.9572,0,1,none
526,2026-06-13,C004,C004-S04,C004-S04-R1,4.9.0,1070,16.93,0.9691,1,1,none
527,2026-06-13,C004,C004-S04,C004-S04-R2,4.8.2,1104,16.95,0.9578,0,1,none
528,2026-06-14,C001,C001-S01,C001-S01-R1,4.8.1,1028,13.41,0.962,0,1,none
529,2026-06-14,C001,C001-S01,C001-S01-R2,4.9.0,1413,14.0,0.9651,1,1,none
530,2026-06-14,C001,C001-S02,C001-S02-R1,4.8.1,1260,17.34,0.9494,0,1,robot_offline
531,2026-06-14,C001,C001-S02,C001-S02-R2,4.8.1,872,15.99,0.9608,0,1,none
532,2026-06-14,C001,C001-S03,C001-S03-R1,4.9.0,1189,13.96,0.9773,1,1,none
533,2026-06-14,C001,C001-S03,C001-S03-R2,4.8.1,1254,23.32,0.9692,1,1,late_ingestion
534,2026-06-14,C001,C001-S04,C001-S04-R2,4.9.0,1478,14.07,0.9664,1,1,none
535,2026-06-14,C002,C002-S01,C002-S01-R1,4.8.2,1271,16.54,0.9654,0,1,none
536,2026-06-14,C002,C002-S01,C002-S01-R2,4.8.1,1388,11.7,0.9695,0,1,none
537,2026-06-14,C002,C002-S02,C002-S02-R1,4.8.1,869,19.22,0.9878,1,0,none
538,2026-06-14,C002,C002-S02,C002-S02-R2,4.8.1,1429,13.65,0.9743,1,1,none
539,2026-06-14,C002,C002-S03,C002-S03-R1,4.9.0,1176,13.4,0.9697,0,1,none
540,2026-06-14,C002,C002-S03,C002-S03-R2,4.9.0,1333,13.58,0.9664,0,1,none
541,2026-06-14,C002,C002-S04,C002-S04-R1,4.9.0,1013,17.55,0.981,1,1,none
542,2026-06-14,C002,C002-S04,C002-S04-R2,4.8.1,907,16.58,0.9825,1,1,none
543,2026-06-14,C003,C003-S01,C003-S01-R1,4.9.0,1247,10.49,0.9714,1,1,none
544,2026-06-14,C003,C003-S02,C003-S02-R1,4.8.1,1217,18.54,0.9608,1,1,none
545,2026-06-14,C003,C003-S03,C003-S03-R1,4.8.2,1427,18.58,0.964,1,1,none
546,2026-06-14,C003,C003-S03,C003-S03-R2,4.8.1,1405,19.69,0.9673,1,1,none
547,2026-06-14,C003,C003-S04,C003-S04-R1,4.9.0,1088,13.52,0.9577,1,1,none
548,2026-06-14,C003,C003-S04,C003-S04-R2,4.8.2,983,13.64,0.953,0,1,none
549,2026-06-14,C004,C004-S01,C004-S01-R1,4.8.1,1181,15.58,0.9533,0,1,none
550,2026-06-14,C004,C004-S01,C004-S01-R2,4.8.1,1388,14.62,0.9522,0,1,none
551,2026-06-14,C004,C004-S03,C004-S03-R1,4.8.1,953,12.63,0.9763,1,1,none
552,2026-06-14,C004,C004-S04,C004-S04-R1,4.9.0,1348,16.27,0.9611,1,1,none
553,2026-06-14,C004,C004-S04,C004-S04-R2,4.8.2,1478,14.49,0.9532,0,1,none
554,2026-06-15,C001,C001-S01,C001-S01-R1,4.8.1,1151,11.92,0.9583,0,1,none
555,2026-06-15,C001,C001-S01,C001-S01-R2,4.9.0,1436,6.51,0.9749,1,1,none
556,2026-06-15,C001,C001-S02,C001-S02-R2,4.8.1,1476,20.07,0.9711,1,1,none
557,2026-06-15,C001,C001-S03,C001-S03-R1,4.9.0,994,13.41,0.97,1,1,none
558,2026-06-15,C001,C001-S03,C001-S03-R2,4.8.1,940,15.05,0.9626,0,1,none
559,2026-06-15,C001,C001-S04,C001-S04-R1,4.9.0,1193,11.78,0.9731,1,1,none
560,2026-06-15,C001,C001-S04,C001-S04-R2,4.9.0,960,14.78,0.955,0,1,none
561,2026-06-15,C002,C002-S01,C002-S01-R1,4.8.2,1279,20.12,0.9594,0,0,none
562,2026-06-15,C002,C002-S01,C002-S01-R2,4.8.1,953,12.8,0.9694,0,1,none
563,2026-06-15,C002,C002-S02,C002-S02-R1,4.8.1,1080,14.61,0.9817,1,1,none
564,2026-06-15,C002,C002-S03,C002-S03-R1,4.9.0,925,15.0,0.9676,0,1,none
565,2026-06-15,C002,C002-S03,C002-S03-R2,4.9.0,926,7.87,0.9846,1,1,none
566,2026-06-15,C002,C002-S04,C002-S04-R1,4.9.0,1344,12.13,0.9758,1,1,none
567,2026-06-15,C002,C002-S04,C002-S04-R2,4.8.1,1471,15.35,0.9709,1,1,none
568,2026-06-15,C003,C003-S01,C003-S01-R1,4.9.0,1417,12.88,0.9492,0,1,none
569,2026-06-15,C003,C003-S01,C003-S01-R2,4.9.0,1138,13.6,0.9649,1,1,none
570,2026-06-15,C003,C003-S02,C003-S02-R1,4.8.1,905,15.29,0.9595,1,1,none
571,2026-06-15,C003,C003-S02,C003-S02-R2,4.8.2,1490,12.38,0.9558,1,1,none
572,2026-06-15,C003,C003-S03,C003-S03-R1,4.8.2,933,12.82,0.9481,0,1,none
573,2026-06-15,C003,C003-S03,C003-S03-R2,4.8.1,1332,9.6,0.9465,0,1,none
574,2026-06-15,C003,C003-S04,C003-S04-R1,4.9.0,1240,14.3,0.9593,1,1,none
575,2026-06-15,C003,C003-S04,C003-S04-R2,4.8.2,1326,13.52,0.9564,1,1,none
576,2026-06-15,C004,C004-S01,C004-S01-R1,4.8.1,949,19.69,0.9525,0,1,none
577,2026-06-15,C004,C004-S01,C004-S01-R2,4.8.1,1453,14.15,0.9583,0,1,none
578,2026-06-15,C004,C004-S02,C004-S02-R1,4.8.1,1336,15.05,0.9637,1,1,none
579,2026-06-15,C004,C004-S02,C004-S02-R2,4.8.1,1254,17.89,0.9551,0,1,none
580,2026-06-15,C004,C004-S03,C004-S03-R1,4.8.1,1485,11.28,0.975,1,1,none
581,2026-06-15,C004,C004-S03,C004-S03-R2,4.8.2,1021,19.37,0.9765,1,1,none
582,2026-06-15,C004,C004-S04,C004-S04-R1,4.9.0,1295,13.05,0.9607,1,1,none
583,2026-06-15,C004,C004-S04,C004-S04-R2,4.8.2,1459,13.67,0.9727,1,1,none
584,2026-06-16,C001,C001-S01,C001-S01-R2,4.9.0,1183,20.59,0.9646,0,1,none
585,2026-06-16,C001,C001-S02,C001-S02-R2,4.8.1,1385,20.34,0.9658,1,1,store_access_delay
586,2026-06-16,C001,C001-S03,C001-S03-R1,4.9.0,1398,12.56,0.956,0,1,none
587,2026-06-16,C001,C001-S04,C001-S04-R2,4.9.0,1334,16.34,0.9726,1,1,none
588,2026-06-16,C002,C002-S01,C002-S01-R1,4.8.2,889,14.56,0.9763,1,1,none
589,2026-06-16,C002,C002-S01,C002-S01-R2,4.8.1,900,13.82,0.9844,1,1,none
590,2026-06-16,C002,C002-S02,C002-S02-R2,4.8.1,1137,7.25,0.9825,1,1,none
591,2026-06-16,C002,C002-S04,C002-S04-R1,4.9.0,1157,17.2,0.9872,1,1,none
592,2026-06-16,C002,C002-S04,C002-S04-R2,4.8.1,941,13.48,0.9661,0,1,none
593,2026-06-16,C003,C003-S01,C003-S01-R1,4.9.0,1346,14.36,0.9493,0,1,none
594,2026-06-16,C003,C003-S01,C003-S01-R2,4.9.0,1168,7.98,0.9585,1,1,none
595,2026-06-16,C003,C003-S02,C003-S02-R1,4.8.1,1386,14.53,0.9551,1,1,none
596,2026-06-16,C003,C003-S02,C003-S02-R2,4.8.2,1105,13.5,0.968,1,1,none
597,2026-06-16,C003,C003-S03,C003-S03-R1,4.8.2,1053,13.16,0.9445,0,1,none
598,2026-06-16,C003,C003-S03,C003-S03-R2,4.8.1,881,19.52,0.9621,1,1,none
599,2026-06-16,C003,C003-S04,C003-S04-R1,4.9.0,1335,11.62,0.9577,1,1,none
600,2026-06-16,C003,C003-S04,C003-S04-R2,4.8.2,942,12.55,0.9698,1,1,none
601,2026-06-16,C004,C004-S01,C004-S01-R1,4.8.1,1435,14.39,0.9596,0,1,none
602,2026-06-16,C004,C004-S01,C004-S01-R2,4.8.1,1269,11.95,0.9548,0,1,none
603,2026-06-16,C004,C004-S02,C004-S02-R1,4.8.1,859,12.42,0.9739,1,1,none
604,2026-06-16,C004,C004-S02,C004-S02-R2,4.8.1,1472,14.26,0.972,1,1,none
605,2026-06-16,C004,C004-S03,C004-S03-R1,4.8.1,1131,11.41,0.9572,0,1,none
606,2026-06-16,C004,C004-S03,C004-S03-R2,4.8.2,1383,15.34,0.9556,0,1,none
607,2026-06-16,C004,C004-S04,C004-S04-R1,4.9.0,1373,21.82,0.9599,0,0,none
608,2026-06-16,C004,C004-S04,C004-S04-R2,4.8.2,1139,13.97,0.9648,1,1,none
609,2026-06-17,C001,C001-S01,C001-S01-R1,4.8.1,1133,13.67,0.9413,0,1,camera_blur
610,2026-06-17,C001,C001-S01,C001-S01-R2,4.9.0,1464,18.72,0.976,1,1,none
611,2026-06-17,C001,C001-S02,C001-S02-R1,4.8.1,876,8.19,0.9626,0,1,none
612,2026-06-17,C001,C001-S02,C001-S02-R2,4.8.1,886,5.41,0.9656,1,1,none
613,2026-06-17,C001,C001-S03,C001-S03-R1,4.9.0,1201,13.69,0.9828,1,1,none
614,2026-06-17,C001,C001-S03,C001-S03-R2,4.8.1,1217,11.9,0.9765,1,1,none
615,2026-06-17,C001,C001-S04,C001-S04-R1,4.9.0,1421,14.57,0.9784,1,1,none
616,2026-06-17,C001,C001-S04,C001-S04-R2,4.9.0,1037,15.23,0.9608,0,1,none
617,2026-06-17,C002,C002-S02,C002-S02-R1,4.8.1,1164,8.5,0.9647,0,1,none
618,2026-06-17,C002,C002-S02,C002-S02-R2,4.8.1,970,17.0,0.9756,1,1,none
619,2026-06-17,C002,C002-S03,C002-S03-R1,4.9.0,1485,19.68,0.984,1,0,none
620,2026-06-17,C002,C002-S03,C002-S03-R2,4.9.0,1155,16.72,0.984,1,1,none
621,2026-06-17,C002,C002-S04,C002-S04-R1,4.9.0,1055,9.13,0.9841,1,1,none
622,2026-06-17,C003,C003-S01,C003-S01-R2,4.9.0,932,21.4,0.9689,1,1,none
623,2026-06-17,C003,C003-S02,C003-S02-R1,4.8.1,1499,17.07,0.9619,1,1,none
624,2026-06-17,C003,C003-S02,C003-S02-R2,4.8.2,1012,15.17,0.9662,1,1,none
625,2026-06-17,C003,C003-S03,C003-S03-R1,4.8.2,1479,11.09,0.9659,1,1,none
626,2026-06-17,C003,C003-S03,C003-S03-R2,4.8.1,1232,32.79,0.9485,0,0,late_ingestion
627,2026-06-17,C003,C003-S04,C003-S04-R1,4.9.0,1081,13.04,0.9431,0,1,none
628,2026-06-17,C003,C003-S04,C003-S04-R2,4.8.2,1021,11.42,0.9545,0,1,none
629,2026-06-17,C004,C004-S01,C004-S01-R1,4.8.1,1316,13.44,0.9494,0,1,none
630,2026-06-17,C004,C004-S01,C004-S01-R2,4.8.1,1200,10.0,0.9746,1,1,none
631,2026-06-17,C004,C004-S02,C004-S02-R2,4.8.1,1263,16.12,0.9705,1,1,none
632,2026-06-17,C004,C004-S03,C004-S03-R2,4.8.2,976,14.26,0.9487,0,1,none
633,2026-06-17,C004,C004-S04,C004-S04-R1,4.9.0,1397,16.45,0.9579,0,1,store_access_delay
634,2026-06-17,C004,C004-S04,C004-S04-R2,4.8.2,976,11.19,0.9515,0,1,none
635,2026-06-18,C001,C001-S01,C001-S01-R1,4.8.1,1495,17.13,0.9672,1,1,none
636,2026-06-18,C001,C001-S01,C001-S01-R2,4.9.0,990,14.18,0.9686,1,1,none
637,2026-06-18,C001,C001-S02,C001-S02-R1,4.8.1,1482,15.09,0.98,1,1,none
638,2026-06-18,C001,C001-S02,C001-S02-R2,4.8.1,1119,15.0,0.959,0,1,none
639,2026-06-18,C001,C001-S03,C001-S03-R1,4.9.0,1269,13.76,0.9822,1,1,none
640,2026-06-18,C001,C001-S03,C001-S03-R2,4.8.1,1188,14.82,0.9592,0,1,none
641,2026-06-18,C001,C001-S04,C001-S04-R1,4.9.0,963,16.28,0.9534,0,1,none
642,2026-06-18,C001,C001-S04,C001-S04-R2,4.9.0,953,10.16,0.9557,0,1,none
643,2026-06-18,C002,C002-S01,C002-S01-R2,4.8.1,1120,12.66,0.9717,1,1,none
644,2026-06-18,C002,C002-S02,C002-S02-R1,4.8.1,1170,14.31,0.9592,0,1,none
645,2026-06-18,C002,C002-S02,C002-S02-R2,4.8.1,896,15.63,0.9615,0,1,none
646,2026-06-18,C002,C002-S03,C002-S03-R1,4.9.0,1486,14.1,0.9679,0,1,none
647,2026-06-18,C002,C002-S03,C002-S03-R2,4.9.0,1200,15.24,0.98,1,1,none
648,2026-06-18,C002,C002-S04,C002-S04-R2,4.8.1,1281,16.77,0.9696,0,1,none
649,2026-06-18,C003,C003-S01,C003-S01-R1,4.9.0,910,19.75,0.9669,1,1,none
650,2026-06-18,C003,C003-S01,C003-S01-R2,4.9.0,1432,13.33,0.9703,1,1,none
651,2026-06-18,C003,C003-S02,C003-S02-R1,4.8.1,1217,9.43,0.9484,0,1,none
652,2026-06-18,C003,C003-S03,C003-S03-R1,4.8.2,1349,10.15,0.9698,1,1,none
653,2026-06-18,C003,C003-S03,C003-S03-R2,4.8.1,862,12.73,0.9402,0,1,camera_blur
654,2026-06-18,C003,C003-S04,C003-S04-R1,4.9.0,1293,9.67,0.9636,1,1,none
655,2026-06-18,C003,C003-S04,C003-S04-R2,4.8.2,1244,17.34,0.9505,0,1,none
656,2026-06-18,C004,C004-S01,C004-S01-R2,4.8.1,1367,18.51,0.9483,0,1,none
657,2026-06-18,C004,C004-S03,C004-S03-R2,4.8.2,1134,16.02,0.9627,1,1,none
658,2026-06-18,C004,C004-S04,C004-S04-R1,4.9.0,1320,14.66,0.9601,1,1,none
659,2026-06-18,C004,C004-S04,C004-S04-R2,4.8.2,1360,12.57,0.9652,1,1,none
660,2026-06-19,C001,C001-S01,C001-S01-R1,4.8.1,1272,14.49,0.9726,1,1,none
661,2026-06-19,C001,C001-S01,C001-S01-R2,4.9.0,1468,18.16,0.9695,1,1,none
662,2026-06-19,C001,C001-S02,C001-S02-R2,4.8.1,1199,13.02,0.9726,1,1,none
663,2026-06-19,C001,C001-S03,C001-S03-R1,4.9.0,1315,11.48,0.9546,0,1,none
664,2026-06-19,C001,C001-S03,C001-S03-R2,4.8.1,1313,18.46,0.9745,1,1,none
665,2026-06-19,C001,C001-S04,C001-S04-R1,4.9.0,1199,11.39,0.9758,1,1,none
666,2026-06-19,C001,C001-S04,C001-S04-R2,4.9.0,958,17.36,0.9694,1,1,none
667,2026-06-19,C002,C002-S01,C002-S01-R1,4.8.2,1269,17.23,0.9629,0,1,none
668,2026-06-19,C002,C002-S01,C002-S01-R2,4.8.1,1318,16.57,0.9859,1,1,none
669,2026-06-19,C002,C002-S02,C002-S02-R1,4.8.1,1274,18.07,0.9637,0,0,none
670,2026-06-19,C002,C002-S02,C002-S02-R2,4.8.1,1318,15.22,0.9617,0,1,none
671,2026-06-19,C002,C002-S03,C002-S03-R1,4.9.0,1360,18.9,0.9867,1,0,none
672,2026-06-19,C002,C002-S03,C002-S03-R2,4.9.0,1370,14.13,0.971,1,1,none
673,2026-06-19,C002,C002-S04,C002-S04-R1,4.9.0,1027,13.81,0.9853,1,1,none
674,2026-06-19,C002,C002-S04,C002-S04-R2,4.8.1,1366,12.44,0.976,1,1,none
675,2026-06-19,C003,C003-S01,C003-S01-R2,4.9.0,1104,12.86,0.9613,1,1,none
676,2026-06-19,C003,C003-S02,C003-S02-R2,4.8.2,1374,21.64,0.947,0,1,none
677,2026-06-19,C003,C003-S03,C003-S03-R1,4.8.2,1416,12.65,0.964,1,1,none
678,2026-06-19,C003,C003-S03,C003-S03-R2,4.8.1,985,12.51,0.9517,0,1,none
679,2026-06-19,C003,C003-S04,C003-S04-R2,4.8.2,1180,12.75,0.9717,1,1,none
680,2026-06-19,C004,C004-S01,C004-S01-R1,4.8.1,1277,9.08,0.9655,1,1,none
681,2026-06-19,C004,C004-S01,C004-S01-R2,4.8.1,1282,15.31,0.9748,1,1,none
682,2026-06-19,C004,C004-S02,C004-S02-R1,4.8.1,1054,10.59,0.9524,0,1,none
683,2026-06-19,C004,C004-S02,C004-S02-R2,4.8.1,1106,14.65,0.9716,1,1,none
684,2026-06-19,C004,C004-S03,C004-S03-R1,4.8.1,1217,14.85,0.9541,0,1,none
685,2026-06-19,C004,C004-S03,C004-S03-R2,4.8.2,1425,17.26,0.9511,0,1,none
686,2026-06-19,C004,C004-S04,C004-S04-R1,4.9.0,1144,10.29,0.9551,0,1,none
687,2026-06-19,C004,C004-S04,C004-S04-R2,4.8.2,1276,21.88,0.9494,0,0,none
688,2026-06-20,C001,C001-S01,C001-S01-R1,4.8.1,1303,11.8,0.9607,0,1,camera_blur
689,2026-06-20,C001,C001-S01,C001-S01-R2,4.9.0,1048,13.49,0.9694,1,1,none
690,2026-06-20,C001,C001-S02,C001-S02-R1,4.8.1,1376,15.8,0.9586,0,1,none
691,2026-06-20,C001,C001-S02,C001-S02-R2,4.8.1,1120,16.72,0.9542,0,1,none
692,2026-06-20,C001,C001-S03,C001-S03-R1,4.9.0,1008,16.9,0.9629,0,1,none
693,2026-06-20,C001,C001-S03,C001-S03-R2,4.8.1,1490,10.7,0.9809,1,1,none
694,2026-06-20,C001,C001-S04,C001-S04-R1,4.9.0,1175,11.07,0.9702,1,1,none
695,2026-06-20,C001,C001-S04,C001-S04-R2,4.9.0,1367,16.02,0.9817,1,1,none
696,2026-06-20,C002,C002-S01,C002-S01-R1,4.8.2,1189,17.16,0.9685,0,1,none
697,2026-06-20,C002,C002-S01,C002-S01-R2,4.8.1,1483,4.06,0.9668,0,1,none
698,2026-06-20,C002,C002-S02,C002-S02-R1,4.8.1,1096,23.4,0.9766,1,0,store_access_delay
699,2026-06-20,C002,C002-S02,C002-S02-R2,4.8.1,966,11.18,0.9676,0,1,none
700,2026-06-20,C002,C002-S03,C002-S03-R1,4.9.0,1233,16.46,0.9853,1,1,none
701,2026-06-20,C002,C002-S03,C002-S03-R2,4.9.0,1153,15.57,0.9733,1,1,none
702,2026-06-20,C002,C002-S04,C002-S04-R1,4.9.0,1400,12.83,0.9864,1,1,none
703,2026-06-20,C002,C002-S04,C002-S04-R2,4.8.1,1494,14.89,0.9768,1,1,none
704,2026-06-20,C003,C003-S01,C003-S01-R1,4.9.0,1295,8.06,0.9461,0,1,none
705,2026-06-20,C003,C003-S01,C003-S01-R2,4.9.0,1007,18.71,0.9712,1,1,none
706,2026-06-20,C003,C003-S02,C003-S02-R1,4.8.1,1107,14.71,0.9452,0,1,none
707,2026-06-20,C003,C003-S02,C003-S02-R2,4.8.2,1114,11.25,0.9602,1,1,none
708,2026-06-20,C003,C003-S03,C003-S03-R1,4.8.2,971,15.8,0.9525,0,1,none
709,2026-06-20,C003,C003-S03,C003-S03-R2,4.8.1,1449,19.59,0.9622,1,1,none
710,2026-06-20,C003,C003-S04,C003-S04-R1,4.9.0,1158,15.64,0.9581,1,1,none
711,2026-06-20,C003,C003-S04,C003-S04-R2,4.8.2,1240,10.51,0.9514,0,1,none
712,2026-06-20,C004,C004-S01,C004-S01-R1,4.8.1,1250,16.7,0.964,1,1,none
713,2026-06-20,C004,C004-S01,C004-S01-R2,4.8.1,1499,16.79,0.9735,1,1,none
714,2026-06-20,C004,C004-S02,C004-S02-R2,4.8.1,861,17.55,0.9699,1,1,none
715,2026-06-20,C004,C004-S03,C004-S03-R1,4.8.1,855,11.31,0.9647,1,1,none
716,2026-06-20,C004,C004-S03,C004-S03-R2,4.8.2,1202,12.68,0.9506,0,1,none
717,2026-06-20,C004,C004-S04,C004-S04-R1,4.9.0,995,15.12,0.9752,1,1,none
718,2026-06-20,C004,C004-S04,C004-S04-R2,4.8.2,1430,15.8,0.9538,0,1,none
719,2026-06-21,C001,C001-S03,C001-S03-R1,4.9.0,918,13.99,0.9695,1,1,none
720,2026-06-21,C001,C001-S03,C001-S03-R2,4.8.1,1090,15.99,0.9815,1,1,none
721,2026-06-21,C001,C001-S04,C001-S04-R1,4.9.0,1175,11.33,0.9716,1,1,none
722,2026-06-21,C001,C001-S04,C001-S04-R2,4.9.0,1430,14.24,0.9738,1,1,none
723,2026-06-21,C002,C002-S01,C002-S01-R1,4.8.2,854,11.96,0.9675,0,1,none
724,2026-06-21,C002,C002-S01,C002-S01-R2,4.8.1,1218,18.86,0.9772,1,0,none
725,2026-06-21,C002,C002-S02,C002-S02-R1,4.8.1,1323,9.12,0.98,1,1,none
726,2026-06-21,C002,C002-S02,C002-S02-R2,4.8.1,933,15.74,0.9613,0,1,none
727,2026-06-21,C002,C002-S04,C002-S04-R1,4.9.0,1491,15.05,0.9742,1,1,none
728,2026-06-21,C002,C002-S04,C002-S04-R2,4.8.1,1454,24.68,0.9591,0,0,late_ingestion
729,2026-06-21,C003,C003-S01,C003-S01-R1,4.9.0,1002,12.58,0.973,1,1,none
730,2026-06-21,C003,C003-S01,C003-S01-R2,4.9.0,1325,15.59,0.965,1,1,none
731,2026-06-21,C003,C003-S02,C003-S02-R1,4.8.1,860,10.96,0.9457,0,1,none
732,2026-06-21,C003,C003-S02,C003-S02-R2,4.8.2,1376,9.03,0.9614,1,1,none
733,2026-06-21,C003,C003-S03,C003-S03-R1,4.8.2,1429,9.76,0.9478,0,1,none
734,2026-06-21,C003,C003-S03,C003-S03-R2,4.8.1,1074,7.38,0.9575,1,1,none
735,2026-06-21,C003,C003-S04,C003-S04-R1,4.9.0,1089,15.97,0.95,0,1,none
736,2026-06-21,C004,C004-S01,C004-S01-R1,4.8.1,897,14.54,0.9621,1,1,none
737,2026-06-21,C004,C004-S01,C004-S01-R2,4.8.1,1383,12.4,0.9675,1,1,none
738,2026-06-21,C004,C004-S02,C004-S02-R1,4.8.1,1235,12.22,0.9654,1,1,none
739,2026-06-21,C004,C004-S02,C004-S02-R2,4.8.1,929,11.1,0.959,0,1,none
740,2026-06-21,C004,C004-S03,C004-S03-R2,4.8.2,1348,13.7,0.9586,0,1,none
741,2026-06-21,C004,C004-S04,C004-S04-R1,4.9.0,1085,17.81,0.9625,1,1,robot_offline
742,2026-06-21,C004,C004-S04,C004-S04-R2,4.8.2,971,16.01,0.9589,0,1,none
743,2026-06-22,C001,C001-S01,C001-S01-R1,4.8.1,966,10.6,0.9654,1,1,none
744,2026-06-22,C001,C001-S01,C001-S01-R2,4.9.0,872,14.4,0.9578,0,1,none
745,2026-06-22,C001,C001-S02,C001-S02-R1,4.8.1,987,13.42,0.9568,0,1,none
746,2026-06-22,C001,C001-S02,C001-S02-R2,4.8.1,1034,13.38,0.9547,0,1,none
747,2026-06-22,C001,C001-S03,C001-S03-R1,4.9.0,869,17.5,0.9652,1,1,none
748,2026-06-22,C001,C001-S03,C001-S03-R2,4.8.1,1471,10.65,0.9814,1,1,none
749,2026-06-22,C002,C002-S01,C002-S01-R1,4.8.2,1446,14.81,0.9829,1,1,none
750,2026-06-22,C002,C002-S01,C002-S01-R2,4.8.1,1200,12.28,0.9659,0,1,none
751,2026-06-22,C002,C002-S02,C002-S02-R2,4.8.1,985,15.57,0.9601,0,1,none
752,2026-06-22,C002,C002-S03,C002-S03-R2,4.9.0,1337,15.27,0.9482,0,1,camera_blur
753,2026-06-22,C002,C002-S04,C002-S04-R1,4.9.0,851,18.13,0.9778,1,0,none
754,2026-06-22,C002,C002-S04,C002-S04-R2,4.8.1,894,10.88,0.9737,1,1,none
755,2026-06-22,C003,C003-S01,C003-S01-R1,4.9.0,1240,10.8,0.9559,1,1,none
756,2026-06-22,C003,C003-S02,C003-S02-R1,4.8.1,1088,18.38,0.9603,1,1,none
757,2026-06-22,C003,C003-S03,C003-S03-R1,4.8.2,855,12.66,0.9609,1,1,none
758,2026-06-22,C003,C003-S03,C003-S03-R2,4.8.1,1832,20.5,0.9184,0,1,labeling_backlog
759,2026-06-22,C003,C003-S04,C003-S04-R1,4.9.0,1224,6.91,0.9506,0,1,none
760,2026-06-22,C003,C003-S04,C003-S04-R2,4.8.2,1033,7.99,0.9491,0,1,none
761,2026-06-22,C004,C004-S01,C004-S01-R1,4.8.1,1164,9.43,0.9646,1,1,none
762,2026-06-22,C004,C004-S01,C004-S01-R2,4.8.1,971,11.57,0.9521,0,1,none
763,2026-06-22,C004,C004-S02,C004-S02-R1,4.8.1,1015,16.89,0.9614,1,1,none
764,2026-06-22,C004,C004-S02,C004-S02-R2,4.8.1,903,16.11,0.972,1,1,none
765,2026-06-22,C004,C004-S03,C004-S03-R1,4.8.1,1689,25.51,0.9769,1,0,labeling_backlog
766,2026-06-22,C004,C004-S03,C004-S03-R2,4.8.2,1260,12.56,0.9491,0,1,none
767,2026-06-22,C004,C004-S04,C004-S04-R1,4.9.0,1461,18.84,0.9636,1,1,none
768,2026-06-22,C004,C004-S04,C004-S04-R2,4.8.2,1380,22.83,0.9628,1,0,store_access_delay
769,2026-06-23,C001,C001-S01,C001-S01-R1,4.8.1,850,15.26,0.9732,1,1,none
770,2026-06-23,C001,C001-S01,C001-S01-R2,4.9.0,1265,13.81,0.965,0,1,none
771,2026-06-23,C001,C001-S02,C001-S02-R1,4.8.1,920,17.31,0.9685,1,1,none
772,2026-06-23,C001,C001-S02,C001-S02-R2,4.8.1,1205,12.16,0.9698,1,1,none
773,2026-06-23,C001,C001-S03,C001-S03-R2,4.8.1,1263,11.92,0.9712,1,1,none
774,2026-06-23,C001,C001-S04,C001-S04-R1,4.9.0,1198,12.94,0.9562,0,1,camera_blur
775,2026-06-23,C002,C002-S01,C002-S01-R1,4.8.2,1236,9.26,0.9752,1,1,none
776,2026-06-23,C002,C002-S01,C002-S01-R2,4.8.1,1321,12.01,0.9868,1,1,none
777,2026-06-23,C002,C002-S03,C002-S03-R1,4.9.0,1075,13.04,0.926,0,1,camera_blur
778,2026-06-23,C002,C002-S04,C002-S04-R1,4.9.0,945,12.06,0.9583,0,1,none
779,2026-06-23,C002,C002-S04,C002-S04-R2,4.8.1,1417,17.1,0.9805,1,1,none
780,2026-06-23,C003,C003-S01,C003-S01-R1,4.9.0,1749,27.94,0.9359,0,1,labeling_backlog
781,2026-06-23,C003,C003-S02,C003-S02-R1,4.8.1,1857,34.04,0.9217,0,0,labeling_backlog
782,2026-06-23,C003,C003-S02,C003-S02-R2,4.8.2,2096,31.11,0.9346,0,0,labeling_backlog
783,2026-06-23,C003,C003-S03,C003-S03-R1,4.8.2,1440,16.54,0.9659,1,1,none
784,2026-06-23,C003,C003-S03,C003-S03-R2,4.8.1,1712,34.41,0.9492,0,0,labeling_backlog
785,2026-06-23,C003,C003-S04,C003-S04-R1,4.9.0,1818,25.72,0.9167,0,1,labeling_backlog
786,2026-06-23,C003,C003-S04,C003-S04-R2,4.8.2,1065,12.49,0.9614,1,1,none
787,2026-06-23,C004,C004-S01,C004-S01-R1,4.8.1,1260,13.65,0.9706,1,1,none
788,2026-06-23,C004,C004-S01,C004-S01-R2,4.8.1,952,15.86,0.9653,1,1,none
789,2026-06-23,C004,C004-S02,C004-S02-R1,4.8.1,1240,15.79,0.9721,1,1,none
790,2026-06-23,C004,C004-S02,C004-S02-R2,4.8.1,1361,19.08,0.9622,1,1,planogram_mismatch
791,2026-06-23,C004,C004-S03,C004-S03-R1,4.8.1,1431,15.31,0.957,0,1,none
792,2026-06-23,C004,C004-S03,C004-S03-R2,4.8.2,1494,14.4,0.9545,0,1,none
793,2026-06-23,C004,C004-S04,C004-S04-R1,4.9.0,1218,7.54,0.9703,1,1,none
794,2026-06-23,C004,C004-S04,C004-S04-R2,4.8.2,1470,11.43,0.9486,0,1,none
795,2026-06-24,C001,C001-S01,C001-S01-R1,4.8.1,1028,16.43,0.9703,1,1,none
796,2026-06-24,C001,C001-S01,C001-S01-R2,4.9.0,1307,13.68,0.9683,1,1,none
797,2026-06-24,C001,C001-S02,C001-S02-R2,4.8.1,998,16.9,0.9616,0,1,none
798,2026-06-24,C001,C001-S03,C001-S03-R2,4.8.1,923,10.84,0.9714,1,1,none
799,2026-06-24,C001,C001-S04,C001-S04-R1,4.9.0,1148,12.99,0.9633,0,1,none
800,2026-06-24,C001,C001-S04,C001-S04-R2,4.9.0,1221,10.03,0.9796,1,1,none
801,2026-06-24,C002,C002-S01,C002-S01-R1,4.8.2,1021,14.26,0.9736,1,1,none
802,2026-06-24,C002,C002-S01,C002-S01-R2,4.8.1,931,14.59,0.9779,1,1,none
803,2026-06-24,C002,C002-S02,C002-S02-R1,4.8.1,1334,13.34,0.9699,0,1,none
804,2026-06-24,C002,C002-S02,C002-S02-R2,4.8.1,1482,13.79,0.9809,1,1,camera_blur
805,2026-06-24,C002,C002-S03,C002-S03-R1,4.9.0,1140,12.54,0.9584,0,1,camera_blur
806,2026-06-24,C002,C002-S03,C002-S03-R2,4.9.0,1328,14.55,0.9687,0,1,none
807,2026-06-24,C002,C002-S04,C002-S04-R2,4.8.1,1402,15.79,0.9662,0,1,none
808,2026-06-24,C003,C003-S01,C003-S01-R1,4.9.0,1396,17.63,0.9621,1,1,none
809,2026-06-24,C003,C003-S01,C003-S01-R2,4.9.0,1302,12.9,0.9534,0,1,none
810,2026-06-24,C003,C003-S02,C003-S02-R1,4.8.1,989,16.89,0.9433,0,1,none
811,2026-06-24,C003,C003-S02,C003-S02-R2,4.8.2,1941,28.11,0.9236,0,1,labeling_backlog
812,2026-06-24,C003,C003-S03,C003-S03-R1,4.8.2,1105,14.18,0.9487,0,1,none
813,2026-06-24,C003,C003-S03,C003-S03-R2,4.8.1,1119,17.69,0.9651,1,1,none
814,2026-06-24,C003,C003-S04,C003-S04-R1,4.9.0,1128,16.01,0.967,1,1,none
815,2026-06-24,C003,C003-S04,C003-S04-R2,4.8.2,920,15.02,0.9653,1,1,none
816,2026-06-24,C004,C004-S01,C004-S01-R1,4.8.1,1487,16.26,0.9665,1,1,none
817,2026-06-24,C004,C004-S01,C004-S01-R2,4.8.1,1397,21.96,0.9576,0,0,none
818,2026-06-24,C004,C004-S02,C004-S02-R1,4.8.1,858,15.11,0.9518,0,1,none
819,2026-06-24,C004,C004-S02,C004-S02-R2,4.8.1,1200,9.38,0.9525,0,1,none
820,2026-06-24,C004,C004-S03,C004-S03-R1,4.8.1,882,16.53,0.9591,0,1,none
821,2026-06-24,C004,C004-S03,C004-S03-R2,4.8.2,907,13.69,0.9733,1,1,none
822,2026-06-24,C004,C004-S04,C004-S04-R1,4.9.0,1106,16.98,0.9534,0,1,none
823,2026-06-24,C004,C004-S04,C004-S04-R2,4.8.2,1104,7.9,0.9728,1,1,none
824,2026-06-25,C001,C001-S01,C001-S01-R1,4.8.1,946,19.4,0.9828,1,1,none
825,2026-06-25,C001,C001-S01,C001-S01-R2,4.9.0,1169,15.62,0.9825,1,1,none
826,2026-06-25,C001,C001-S02,C001-S02-R1,4.8.1,975,13.31,0.9753,1,1,none
827,2026-06-25,C001,C001-S02,C001-S02-R2,4.8.1,903,15.38,0.9722,1,1,none
828,2026-06-25,C001,C001-S03,C001-S03-R1,4.9.0,1021,12.41,0.972,1,1,none
829,2026-06-25,C001,C001-S03,C001-S03-R2,4.8.1,1098,14.88,0.9705,1,1,none
830,2026-06-25,C001,C001-S04,C001-S04-R1,4.9.0,1230,14.05,0.9673,1,1,none
831,2026-06-25,C001,C001-S04,C001-S04-R2,4.9.0,1483,9.82,0.9605,0,1,none
832,2026-06-25,C002,C002-S01,C002-S01-R1,4.8.2,1007,20.74,0.9598,0,0,none
833,2026-06-25,C002,C002-S01,C002-S01-R2,4.8.1,1088,12.44,0.9817,1,1,none
834,2026-06-25,C002,C002-S02,C002-S02-R1,4.8.1,1047,17.5,0.9684,0,1,none
835,2026-06-25,C002,C002-S02,C002-S02-R2,4.8.1,1106,16.78,0.9693,0,1,none
836,2026-06-25,C002,C002-S03,C002-S03-R1,4.9.0,1041,11.94,0.9668,0,1,none
837,2026-06-25,C002,C002-S03,C002-S03-R2,4.9.0,1463,17.28,0.9677,0,1,none
838,2026-06-25,C002,C002-S04,C002-S04-R1,4.9.0,1225,12.05,0.9361,0,1,camera_blur
839,2026-06-25,C002,C002-S04,C002-S04-R2,4.8.1,869,11.92,0.9732,1,1,none
840,2026-06-25,C003,C003-S01,C003-S01-R1,4.9.0,1793,25.29,0.9183,0,1,labeling_backlog
841,2026-06-25,C003,C003-S01,C003-S01-R2,4.9.0,1385,13.51,0.9527,0,1,none
842,2026-06-25,C003,C003-S02,C003-S02-R2,4.8.2,1624,27.66,0.9251,0,1,labeling_backlog
843,2026-06-25,C003,C003-S03,C003-S03-R1,4.8.2,2287,30.33,0.9417,0,0,labeling_backlog
844,2026-06-25,C003,C003-S03,C003-S03-R2,4.8.1,1275,16.98,0.9622,1,1,none
845,2026-06-25,C003,C003-S04,C003-S04-R1,4.9.0,1861,22.22,0.9395,0,1,labeling_backlog
846,2026-06-25,C003,C003-S04,C003-S04-R2,4.8.2,1104,8.34,0.9499,0,1,none
847,2026-06-25,C004,C004-S01,C004-S01-R1,4.8.1,1421,12.78,0.9764,1,1,none
848,2026-06-25,C004,C004-S01,C004-S01-R2,4.8.1,1287,14.72,0.9587,0,1,none
849,2026-06-25,C004,C004-S02,C004-S02-R2,4.8.1,1195,11.97,0.9534,0,1,none
850,2026-06-25,C004,C004-S03,C004-S03-R1,4.8.1,1413,10.9,0.976,1,1,none
851,2026-06-25,C004,C004-S04,C004-S04-R1,4.9.0,1290,15.22,0.9592,0,1,none
852,2026-06-25,C004,C004-S04,C004-S04-R2,4.8.2,1413,11.65,0.9644,1,1,none
853,2026-06-26,C001,C001-S01,C001-S01-R2,4.9.0,1256,14.8,0.9818,1,1,none
854,2026-06-26,C001,C001-S02,C001-S02-R1,4.8.1,1159,14.0,0.9535,0,1,none
855,2026-06-26,C001,C001-S02,C001-S02-R2,4.8.1,1172,19.52,0.9825,1,1,none
856,2026-06-26,C001,C001-S03,C001-S03-R1,4.9.0,1419,14.76,0.9613,0,1,none
857,2026-06-26,C001,C001-S03,C001-S03-R2,4.8.1,1321,12.99,0.9701,1,1,none
858,2026-06-26,C001,C001-S04,C001-S04-R1,4.9.0,1157,15.29,0.9705,1,1,none
859,2026-06-26,C001,C001-S04,C001-S04-R2,4.9.0,929,13.12,0.965,0,1,none
860,2026-06-26,C002,C002-S01,C002-S01-R1,4.8.2,1440,8.75,0.9828,1,1,none
861,2026-06-26,C002,C002-S01,C002-S01-R2,4.8.1,888,13.53,0.9609,0,1,none
862,2026-06-26,C002,C002-S02,C002-S02-R1,4.8.1,1206,10.1,0.9597,0,1,none
863,2026-06-26,C002,C002-S03,C002-S03-R1,4.9.0,1466,17.83,0.9466,0,1,camera_blur
864,2026-06-26,C002,C002-S03,C002-S03-R2,4.9.0,1364,12.16,0.9592,0,1,none
865,2026-06-26,C002,C002-S04,C002-S04-R1,4.9.0,1306,14.07,0.9626,0,1,none
866,2026-06-26,C002,C002-S04,C002-S04-R2,4.8.1,1001,10.07,0.971,1,1,none
867,2026-06-26,C003,C003-S01,C003-S01-R1,4.9.0,1118,17.05,0.9455,0,1,planogram_mismatch
868,2026-06-26,C003,C003-S01,C003-S01-R2,4.9.0,1424,15.8,0.9489,0,1,none
869,2026-06-26,C003,C003-S02,C003-S02-R1,4.8.1,1905,21.56,0.9486,0,1,labeling_backlog
870,2026-06-26,C003,C003-S02,C003-S02-R2,4.8.2,1162,10.4,0.9487,0,1,none
871,2026-06-26,C003,C003-S03,C003-S03-R1,4.8.2,1488,14.55,0.9535,0,1,none
872,2026-06-26,C003,C003-S03,C003-S03-R2,4.8.1,937,14.72,0.949,0,1,none
873,2026-06-26,C003,C003-S04,C003-S04-R1,4.9.0,1144,18.6,0.9446,0,1,none
874,2026-06-26,C003,C003-S04,C003-S04-R2,4.8.2,1958,24.44,0.9373,0,1,labeling_backlog
875,2026-06-26,C004,C004-S01,C004-S01-R1,4.8.1,868,9.34,0.9778,1,1,none
876,2026-06-26,C004,C004-S01,C004-S01-R2,4.8.1,1482,18.57,0.9557,0,1,robot_offline
877,2026-06-26,C004,C004-S02,C004-S02-R1,4.8.1,1127,18.08,0.9764,1,1,store_access_delay
878,2026-06-26,C004,C004-S02,C004-S02-R2,4.8.1,1239,8.34,0.9745,1,1,none
879,2026-06-26,C004,C004-S03,C004-S03-R1,4.8.1,1346,16.47,0.9693,1,1,none
880,2026-06-26,C004,C004-S03,C004-S03-R2,4.8.2,872,11.26,0.963,1,1,none
881,2026-06-26,C004,C004-S04,C004-S04-R1,4.9.0,1351,12.63,0.9757,1,1,none
882,2026-06-26,C004,C004-S04,C004-S04-R2,4.8.2,1091,15.09,0.9586,0,1,none
883,2026-06-27,C001,C001-S02,C001-S02-R1,4.8.1,1246,18.25,0.9549,0,1,none
884,2026-06-27,C001,C001-S02,C001-S02-R2,4.8.1,1005,10.5,0.9696,1,1,none
885,2026-06-27,C001,C001-S03,C001-S03-R1,4.9.0,1241,9.52,0.9648,0,1,none
886,2026-06-27,C001,C001-S04,C001-S04-R1,4.9.0,1286,13.41,0.9655,1,1,none
887,2026-06-27,C002,C002-S01,C002-S01-R2,4.8.1,991,10.02,0.9743,1,1,none
888,2026-06-27,C002,C002-S02,C002-S02-R1,4.8.1,1386,11.78,0.9621,0,1,none
889,2026-06-27,C002,C002-S03,C002-S03-R1,4.9.0,1428,16.27,0.9853,1,1,none
890,2026-06-27,C002,C002-S03,C002-S03-R2,4.9.0,999,12.7,0.9585,0,1,camera_blur
891,2026-06-27,C002,C002-S04,C002-S04-R2,4.8.1,1130,15.12,0.9703,1,1,none
892,2026-06-27,C003,C003-S01,C003-S01-R1,4.9.0,1470,15.58,0.9438,0,1,none
893,2026-06-27,C003,C003-S01,C003-S01-R2,4.9.0,1707,25.73,0.9212,0,1,labeling_backlog
894,2026-06-27,C003,C003-S02,C003-S02-R1,4.8.1,1081,10.84,0.9546,0,1,none
895,2026-06-27,C003,C003-S02,C003-S02-R2,4.8.2,1835,29.15,0.9455,0,1,labeling_backlog
896,2026-06-27,C003,C003-S04,C003-S04-R2,4.8.2,1264,5.07,0.9527,0,1,none
897,2026-06-27,C004,C004-S01,C004-S01-R1,4.8.1,1170,8.41,0.9662,1,1,none
898,2026-06-27,C004,C004-S01,C004-S01-R2,4.8.1,889,18.38,0.9641,1,1,none
899,2026-06-27,C004,C004-S02,C004-S02-R1,4.8.1,893,15.62,0.9615,1,1,none
900,2026-06-27,C004,C004-S02,C004-S02-R2,4.8.1,1378,12.43,0.9775,1,1,planogram_mismatch
901,2026-06-27,C004,C004-S03,C004-S03-R1,4.8.1,1142,10.95,0.9599,0,1,none
902,2026-06-27,C004,C004-S03,C004-S03-R2,4.8.2,995,14.76,0.9496,0,1,none
903,2026-06-27,C004,C004-S04,C004-S04-R1,4.9.0,1362,17.95,0.9674,1,1,none
904,2026-06-28,C001,C001-S01,C001-S01-R1,4.8.1,1311,17.4,0.9571,0,1,none
905,2026-06-28,C001,C001-S01,C001-S01-R2,4.9.0,1056,14.96,0.9666,1,1,none
906,2026-06-28,C001,C001-S02,C001-S02-R1,4.8.1,1017,13.12,0.9725,1,1,none
907,2026-06-28,C001,C001-S02,C001-S02-R2,4.8.1,1310,13.16,0.9567,0,1,none
908,2026-06-28,C001,C001-S03,C001-S03-R1,4.9.0,1476,13.05,0.9748,1,1,none
909,2026-06-28,C001,C001-S04,C001-S04-R1,4.9.0,1193,9.96,0.9644,0,1,none
910,2026-06-28,C001,C001-S04,C001-S04-R2,4.9.0,902,12.24,0.9791,1,1,none
911,2026-06-28,C002,C002-S01,C002-S01-R1,4.8.2,1306,13.54,0.9673,0,1,none
912,2026-06-28,C002,C002-S02,C002-S02-R2,4.8.1,1360,15.84,0.981,1,1,planogram_mismatch
913,2026-06-28,C002,C002-S03,C002-S03-R1,4.9.0,931,13.72,0.9757,1,1,none
914,2026-06-28,C002,C002-S04,C002-S04-R1,4.9.0,1039,13.8,0.9769,1,1,none
915,2026-06-28,C002,C002-S04,C002-S04-R2,4.8.1,2320,20.73,0.9776,1,0,labeling_backlog
916,2026-06-28,C003,C003-S01,C003-S01-R2,4.9.0,1436,12.37,0.9515,0,1,none
917,2026-06-28,C003,C003-S02,C003-S02-R1,4.8.1,886,16.11,0.9483,0,1,none
918,2026-06-28,C003,C003-S02,C003-S02-R2,4.8.2,1896,26.33,0.9308,0,1,labeling_backlog
919,2026-06-28,C003,C003-S03,C003-S03-R1,4.8.2,1064,12.9,0.9512,0,1,none
920,2026-06-28,C003,C003-S03,C003-S03-R2,4.8.1,1469,13.07,0.9619,1,1,none
921,2026-06-28,C004,C004-S01,C004-S01-R1,4.8.1,1388,10.27,0.9663,1,1,none
922,2026-06-28,C004,C004-S02,C004-S02-R1,4.8.1,1359,12.09,0.9629,1,1,none
923,2026-06-28,C004,C004-S02,C004-S02-R2,4.8.1,1147,14.17,0.9534,0,1,none
924,2026-06-28,C004,C004-S03,C004-S03-R1,4.8.1,1062,13.98,0.9668,1,1,none
925,2026-06-28,C004,C004-S03,C004-S03-R2,4.8.2,1191,10.82,0.978,1,1,none
926,2026-06-28,C004,C004-S04,C004-S04-R1,4.9.0,1110,18.4,0.9672,1,1,none
927,2026-06-28,C004,C004-S04,C004-S04-R2,4.8.2,1181,14.16,0.9572,0,1,none
928,2026-06-29,C001,C001-S01,C001-S01-R1,4.8.1,879,12.53,0.9649,0,1,none
929,2026-06-29,C001,C001-S01,C001-S01-R2,4.9.0,1340,18.63,0.9588,0,1,none
930,2026-06-29,C001,C001-S02,C001-S02-R1,4.8.1,1399,11.31,0.9674,1,1,none
931,2026-06-29,C001,C001-S03,C001-S03-R1,4.9.0,907,15.29,0.9774,1,1,none
932,2026-06-29,C001,C001-S03,C001-S03-R2,4.8.1,1063,11.82,0.9625,0,1,none
933,2026-06-29,C001,C001-S04,C001-S04-R1,4.9.0,1212,15.56,0.963,0,1,none
934,2026-06-29,C002,C002-S01,C002-S01-R1,4.8.2,1019,14.69,0.9693,0,1,none
935,2026-06-29,C002,C002-S01,C002-S01-R2,4.8.1,1165,13.28,0.9697,0,1,none
936,2026-06-29,C002,C002-S02,C002-S02-R1,4.8.1,1093,11.5,0.9704,1,1,none
937,2026-06-29,C002,C002-S02,C002-S02-R2,4.8.1,1387,13.53,0.9829,1,1,none
938,2026-06-29,C002,C002-S03,C002-S03-R1,4.9.0,875,15.39,0.9813,1,1,none
939,2026-06-29,C002,C002-S03,C002-S03-R2,4.9.0,1345,13.6,0.9566,0,1,camera_blur
940,2026-06-29,C002,C002-S04,C002-S04-R1,4.9.0,985,10.37,0.9609,0,1,none
941,2026-06-29,C002,C002-S04,C002-S04-R2,4.8.1,1384,15.93,0.9591,0,1,none
942,2026-06-29,C003,C003-S01,C003-S01-R1,4.9.0,897,15.72,0.9684,1,1,none
943,2026-06-29,C003,C003-S01,C003-S01-R2,4.9.0,1064,13.15,0.966,1,1,camera_blur
944,2026-06-29,C003,C003-S02,C003-S02-R1,4.8.1,1424,33.35,0.945,0,0,labeling_backlog
945,2026-06-29,C003,C003-S02,C003-S02-R2,4.8.2,1883,28.17,0.9256,0,1,labeling_backlog
946,2026-06-29,C003,C003-S03,C003-S03-R1,4.8.2,905,15.15,0.9439,0,1,planogram_mismatch
947,2026-06-29,C003,C003-S03,C003-S03-R2,4.8.1,1306,12.07,0.9641,1,1,none
948,2026-06-29,C003,C003-S04,C003-S04-R1,4.9.0,1326,12.27,0.9644,1,1,none
949,2026-06-29,C003,C003-S04,C003-S04-R2,4.8.2,949,9.62,0.9458,0,1,none
950,2026-06-29,C004,C004-S01,C004-S01-R1,4.8.1,1079,15.26,0.962,1,1,none
951,2026-06-29,C004,C004-S01,C004-S01-R2,4.8.1,1222,10.38,0.9749,1,1,none
952,2026-06-29,C004,C004-S02,C004-S02-R1,4.8.1,1314,16.92,0.9717,1,1,none
953,2026-06-29,C004,C004-S02,C004-S02-R2,4.8.1,1340,12.22,0.95,0,1,none
954,2026-06-29,C004,C004-S03,C004-S03-R1,4.8.1,955,14.44,0.9661,1,1,none
955,2026-06-29,C004,C004-S03,C004-S03-R2,4.8.2,1419,10.86,0.9694,1,1,none
956,2026-06-29,C004,C004-S04,C004-S04-R1,4.9.0,1485,9.71,0.96,1,1,none
957,2026-06-29,C004,C004-S04,C004-S04-R2,4.8.2,917,11.03,0.9528,0,1,none
958,2026-06-30,C001,C001-S01,C001-S01-R1,4.8.1,1200,18.63,0.9765,1,1,none
959,2026-06-30,C001,C001-S01,C001-S01-R2,4.9.0,929,13.68,0.9601,0,1,none
960,2026-06-30,C001,C001-S02,C001-S02-R1,4.8.1,1183,9.28,0.9564,0,1,none
961,2026-06-30,C001,C001-S02,C001-S02-R2,4.8.1,1265,15.3,0.9777,1,1,none
962,2026-06-30,C001,C001-S03,C001-S03-R1,4.9.0,1356,14.61,0.9761,1,1,none
963,2026-06-30,C001,C001-S03,C001-S03-R2,4.8.1,992,18.92,0.9548,0,1,none
964,2026-06-30,C001,C001-S04,C001-S04-R1,4.9.0,1002,9.78,0.953,0,1,none
965,2026-06-30,C001,C001-S04,C001-S04-R2,4.9.0,1307,15.52,0.9617,0,1,none
966,2026-06-30,C002,C002-S01,C002-S01-R1,4.8.2,1161,18.28,0.9751,1,0,none
967,2026-06-30,C002,C002-S02,C002-S02-R2,4.8.1,1446,22.79,0.9855,1,0,none
968,2026-06-30,C002,C002-S03,C002-S03-R1,4.9.0,1412,14.45,0.9326,0,1,camera_blur
969,2026-06-30,C002,C002-S03,C002-S03-R2,4.9.0,881,14.43,0.9411,0,1,camera_blur
970,2026-06-30,C002,C002-S04,C002-S04-R1,4.9.0,1027,18.65,0.9702,1,0,none
971,2026-06-30,C002,C002-S04,C002-S04-R2,4.8.1,1218,14.93,0.9636,0,1,none
972,2026-06-30,C003,C003-S01,C003-S01-R2,4.9.0,2134,24.9,0.9317,0,1,labeling_backlog
973,2026-06-30,C003,C003-S02,C003-S02-R1,4.8.1,1468,17.8,0.9672,1,1,none
974,2026-06-30,C003,C003-S02,C003-S02-R2,4.8.2,1081,12.22,0.9557,1,1,none
975,2026-06-30,C003,C003-S03,C003-S03-R1,4.8.2,1092,13.44,0.9611,1,1,none
976,2026-06-30,C003,C003-S04,C003-S04-R1,4.9.0,1734,25.49,0.9193,0,1,labeling_backlog
977,2026-06-30,C003,C003-S04,C003-S04-R2,4.8.2,1136,12.82,0.9588,1,1,none
978,2026-06-30,C004,C004-S01,C004-S01-R2,4.8.1,929,14.26,0.9622,1,1,none
979,2026-06-30,C004,C004-S02,C004-S02-R1,4.8.1,1477,16.6,0.9642,1,1,none
980,2026-06-30,C004,C004-S02,C004-S02-R2,4.8.1,1330,14.9,0.9621,1,1,none
981,2026-06-30,C004,C004-S03,C004-S03-R1,4.8.1,1151,13.8,0.9579,0,1,none
982,2026-06-30,C004,C004-S04,C004-S04-R1,4.9.0,912,14.78,0.9698,1,1,none
983,2026-06-30,C004,C004-S04,C004-S04-R2,4.8.2,1148,15.52,0.9653,1,1,none
984,2026-07-01,C001,C001-S01,C001-S01-R1,4.8.1,1134,10.09,0.9555,0,1,none
985,2026-07-01,C001,C001-S01,C001-S01-R2,4.9.0,1113,15.45,0.9715,1,1,none
986,2026-07-01,C001,C001-S02,C001-S02-R1,4.8.1,1307,14.13,0.9708,1,1,none
987,2026-07-01,C001,C001-S02,C001-S02-R2,4.8.1,1091,8.65,0.9583,0,1,none
988,2026-07-01,C001,C001-S03,C001-S03-R2,4.8.1,1007,14.51,0.9555,0,1,none
989,2026-07-01,C001,C001-S04,C001-S04-R1,4.9.0,1242,14.24,0.9756,1,1,none
990,2026-07-01,C001,C001-S04,C001-S04-R2,4.9.0,1203,17.22,0.9593,0,1,none
991,2026-07-01,C002,C002-S01,C002-S01-R1,4.8.2,903,15.5,0.9659,0,1,none
992,2026-07-01,C002,C002-S01,C002-S01-R2,4.8.1,1395,16.63,0.9804,1,1,none
993,2026-07-01,C002,C002-S02,C002-S02-R1,4.8.1,1118,17.71,0.9785,1,1,none
994,2026-07-01,C002,C002-S02,C002-S02-R2,4.8.1,1173,18.79,0.9858,1,0,none
995,2026-07-01,C002,C002-S03,C002-S03-R2,4.9.0,1292,10.65,0.9592,0,1,none
996,2026-07-01,C002,C002-S04,C002-S04-R1,4.9.0,1448,11.21,0.9661,0,1,none
997,2026-07-01,C002,C002-S04,C002-S04-R2,4.8.1,1452,14.47,0.9812,1,1,none
998,2026-07-01,C003,C003-S01,C003-S01-R1,4.9.0,1375,22.51,0.9728,1,1,labeling_backlog
999,2026-07-01,C003,C003-S01,C003-S01-R2,4.9.0,1981,34.71,0.9491,0,0,labeling_backlog
1000,2026-07-01,C003,C003-S02,C003-S02-R1,4.8.1,1429,15.41,0.9466,0,1,none
1001,2026-07-01,C003,C003-S02,C003-S02-R2,4.8.2,1840,25.9,0.9299,0,1,labeling_backlog
1002,2026-07-01,C003,C003-S03,C003-S03-R1,4.8.2,925,12.99,0.963,1,1,none
1003,2026-07-01,C003,C003-S03,C003-S03-R2,4.8.1,1114,16.26,0.9449,0,1,none
1004,2026-07-01,C003,C003-S04,C003-S04-R1,4.9.0,1032,13.35,0.9578,1,1,none
1005,2026-07-01,C003,C003-S04,C003-S04-R2,4.8.2,1478,9.89,0.9463,0,1,none
1006,2026-07-01,C004,C004-S01,C004-S01-R1,4.8.1,1106,24.58,0.9511,0,0,late_ingestion
1007,2026-07-01,C004,C004-S01,C004-S01-R2,4.8.1,1249,13.52,0.9672,1,1,none
1008,2026-07-01,C004,C004-S02,C004-S02-R2,4.8.1,1352,18.63,0.9635,1,1,none
1009,2026-07-01,C004,C004-S03,C004-S03-R1,4.8.1,921,13.76,0.9601,1,1,none
1010,2026-07-01,C004,C004-S04,C004-S04-R1,4.9.0,1217,13.94,0.9625,1,1,none
1011,2026-07-01,C004,C004-S04,C004-S04-R2,4.8.2,942,17.48,0.9571,0,1,store_access_delay
1012,2026-07-02,C001,C001-S01,C001-S01-R1,4.8.1,1045,18.4,0.9583,0,1,planogram_mismatch
1013,2026-07-02,C001,C001-S02,C001-S02-R1,4.8.1,1298,20.2,0.9638,0,1,store_access_delay
1014,2026-07-02,C001,C001-S02,C001-S02-R2,4.8.1,1361,12.36,0.9768,1,1,none
1015,2026-07-02,C001,C001-S03,C001-S03-R1,4.9.0,866,14.99,0.978,1,1,none
1016,2026-07-02,C001,C001-S03,C001-S03-R2,4.8.1,1385,14.24,0.9543,0,1,none
1017,2026-07-02,C001,C001-S04,C001-S04-R1,4.9.0,1002,13.88,0.9733,1,1,none
1018,2026-07-02,C001,C001-S04,C001-S04-R2,4.9.0,869,11.82,0.9751,1,1,none
1019,2026-07-02,C002,C002-S01,C002-S01-R1,4.8.2,983,29.56,0.9855,1,0,store_access_delay
1020,2026-07-02,C002,C002-S01,C002-S01-R2,4.8.1,1670,28.33,0.9831,1,0,labeling_backlog
1021,2026-07-02,C002,C002-S02,C002-S02-R1,4.8.1,1261,10.32,0.9708,1,1,none
1022,2026-07-02,C002,C002-S02,C002-S02-R2,4.8.1,1068,21.31,0.9621,0,0,none
1023,2026-07-02,C002,C002-S03,C002-S03-R1,4.9.0,994,14.09,0.9528,0,1,camera_blur
1024,2026-07-02,C002,C002-S03,C002-S03-R2,4.9.0,1497,12.18,0.9633,0,1,camera_blur
1025,2026-07-02,C002,C002-S04,C002-S04-R1,4.9.0,941,12.92,0.9481,0,1,camera_blur
1026,2026-07-02,C002,C002-S04,C002-S04-R2,4.8.1,979,10.12,0.9818,1,1,none
1027,2026-07-02,C003,C003-S01,C003-S01-R1,4.9.0,1028,13.36,0.9622,1,1,none
1028,2026-07-02,C003,C003-S01,C003-S01-R2,4.9.0,1158,13.47,0.958,1,1,none
1029,2026-07-02,C003,C003-S02,C003-S02-R1,4.8.1,1890,27.48,0.9258,0,1,labeling_backlog
1030,2026-07-02,C003,C003-S02,C003-S02-R2,4.8.2,1802,26.37,0.9439,0,1,labeling_backlog
1031,2026-07-02,C003,C003-S03,C003-S03-R1,4.8.2,1698,27.57,0.9352,0,1,labeling_backlog
1032,2026-07-02,C003,C003-S03,C003-S03-R2,4.8.1,879,15.08,0.9446,0,1,none
1033,2026-07-02,C003,C003-S04,C003-S04-R1,4.9.0,1456,11.26,0.9465,0,1,none
1034,2026-07-02,C003,C003-S04,C003-S04-R2,4.8.2,1583,22.87,0.9527,0,1,labeling_backlog
1035,2026-07-02,C004,C004-S01,C004-S01-R1,4.8.1,1346,17.02,0.9546,0,1,none
1036,2026-07-02,C004,C004-S01,C004-S01-R2,4.8.1,1232,15.07,0.9663,1,1,none
1037,2026-07-02,C004,C004-S02,C004-S02-R1,4.8.1,1126,14.46,0.9696,1,1,none
1038,2026-07-02,C004,C004-S02,C004-S02-R2,4.8.1,1326,15.49,0.9498,0,1,none
1039,2026-07-02,C004,C004-S03,C004-S03-R1,4.8.1,1152,9.79,0.9531,0,1,none
1040,2026-07-02,C004,C004-S03,C004-S03-R2,4.8.2,1416,10.79,0.9663,1,1,none
1041,2026-07-02,C004,C004-S04,C004-S04-R2,4.8.2,1071,9.21,0.9737,1,1,none
1042,2026-07-03,C001,C001-S01,C001-S01-R1,4.8.1,1102,10.89,0.9749,1,1,none
1043,2026-07-03,C001,C001-S01,C001-S01-R2,4.9.0,1455,20.27,0.966,1,1,none
1044,2026-07-03,C001,C001-S02,C001-S02-R2,4.8.1,1366,11.8,0.9543,0,1,none
1045,2026-07-03,C001,C001-S03,C001-S03-R1,4.9.0,950,11.87,0.9689,1,1,none
1046,2026-07-03,C001,C001-S03,C001-S03-R2,4.8.1,1073,14.66,0.9534,0,1,none
1047,2026-07-03,C001,C001-S04,C001-S04-R1,4.9.0,942,18.44,0.9619,0,1,none
1048,2026-07-03,C001,C001-S04,C001-S04-R2,4.9.0,1447,14.45,0.9668,1,1,none
1049,2026-07-03,C002,C002-S01,C002-S01-R1,4.8.2,1265,16.42,0.9716,1,1,none
1050,2026-07-03,C002,C002-S01,C002-S01-R2,4.8.1,922,27.27,0.9791,1,0,store_access_delay
1051,2026-07-03,C002,C002-S02,C002-S02-R1,4.8.1,1477,8.85,0.9806,1,1,none
1052,2026-07-03,C002,C002-S02,C002-S02-R2,4.8.1,906,12.59,0.9604,0,1,none
1053,2026-07-03,C002,C002-S03,C002-S03-R1,4.9.0,1242,11.23,0.964,0,1,camera_blur
1054,2026-07-03,C002,C002-S03,C002-S03-R2,4.9.0,1059,17.12,0.937,0,1,camera_blur
1055,2026-07-03,C002,C002-S04,C002-S04-R1,4.9.0,1444,17.22,0.9614,0,1,none
1056,2026-07-03,C002,C002-S04,C002-S04-R2,4.8.1,1123,10.62,0.9808,1,1,none
1057,2026-07-03,C003,C003-S01,C003-S01-R1,4.9.0,2011,21.06,0.9332,0,1,labeling_backlog
1058,2026-07-03,C003,C003-S01,C003-S01-R2,4.9.0,917,13.95,0.967,1,1,none
1059,2026-07-03,C003,C003-S02,C003-S02-R1,4.8.1,1630,24.81,0.9467,0,1,labeling_backlog
1060,2026-07-03,C003,C003-S02,C003-S02-R2,4.8.2,1150,13.69,0.9692,1,1,none
1061,2026-07-03,C003,C003-S03,C003-S03-R1,4.8.2,1280,9.95,0.9635,1,1,none
1062,2026-07-03,C003,C003-S03,C003-S03-R2,4.8.1,1382,15.49,0.9449,0,1,none
1063,2026-07-03,C003,C003-S04,C003-S04-R1,4.9.0,1184,9.57,0.9554,1,1,none
1064,2026-07-03,C003,C003-S04,C003-S04-R2,4.8.2,1163,14.39,0.9595,1,1,none
1065,2026-07-03,C004,C004-S01,C004-S01-R1,4.8.1,1145,14.12,0.9558,0,1,none
1066,2026-07-03,C004,C004-S01,C004-S01-R2,4.8.1,1014,13.07,0.9617,1,1,none
1067,2026-07-03,C004,C004-S02,C004-S02-R1,4.8.1,1007,14.79,0.9566,0,1,none
1068,2026-07-03,C004,C004-S03,C004-S03-R1,4.8.1,1060,15.27,0.9612,1,1,none
1069,2026-07-03,C004,C004-S03,C004-S03-R2,4.8.2,1202,15.96,0.949,0,1,none
1070,2026-07-03,C004,C004-S04,C004-S04-R2,4.8.2,998,16.62,0.9516,0,1,planogram_mismatch
1071,2026-07-04,C001,C001-S01,C001-S01-R1,4.8.1,1369,11.71,0.9821,1,1,none
1072,2026-07-04,C001,C001-S01,C001-S01-R2,4.9.0,1437,18.09,0.9617,0,1,none
1073,2026-07-04,C001,C001-S02,C001-S02-R1,4.8.1,1302,13.23,0.977,1,1,none
1074,2026-07-04,C001,C001-S02,C001-S02-R2,4.8.1,969,15.24,0.9542,0,1,none
1075,2026-07-04,C001,C001-S03,C001-S03-R1,4.9.0,1306,12.33,0.965,1,1,none
1076,2026-07-04,C001,C001-S03,C001-S03-R2,4.8.1,1134,16.08,0.9589,0,1,none
1077,2026-07-04,C001,C001-S04,C001-S04-R1,4.9.0,939,16.97,0.9555,0,1,none
1078,2026-07-04,C001,C001-S04,C001-S04-R2,4.9.0,907,13.55,0.9711,1,1,none
1079,2026-07-04,C002,C002-S01,C002-S01-R2,4.8.1,1228,13.65,0.9624,0,1,none
1080,2026-07-04,C002,C002-S02,C002-S02-R1,4.8.1,1424,14.31,0.9672,0,1,none
1081,2026-07-04,C002,C002-S02,C002-S02-R2,4.8.1,1275,14.82,0.9798,1,1,none
1082,2026-07-04,C002,C002-S03,C002-S03-R1,4.9.0,992,11.66,0.9871,1,1,none
1083,2026-07-04,C002,C002-S03,C002-S03-R2,4.9.0,1387,15.11,0.9484,0,1,camera_blur
1084,2026-07-04,C002,C002-S04,C002-S04-R1,4.9.0,1323,13.91,0.9528,0,1,camera_blur
1085,2026-07-04,C002,C002-S04,C002-S04-R2,4.8.1,893,15.12,0.9695,0,1,none
1086,2026-07-04,C003,C003-S01,C003-S01-R1,4.9.0,852,11.72,0.9578,1,1,none
1087,2026-07-04,C003,C003-S01,C003-S01-R2,4.9.0,977,10.4,0.952,0,1,none
1088,2026-07-04,C003,C003-S02,C003-S02-R1,4.8.1,972,8.78,0.9578,1,1,none
1089,2026-07-04,C003,C003-S02,C003-S02-R2,4.8.2,1220,10.62,0.9578,1,1,none
1090,2026-07-04,C003,C003-S03,C003-S03-R2,4.8.1,1374,12.11,0.9573,1,1,none
1091,2026-07-04,C003,C003-S04,C003-S04-R1,4.9.0,1612,21.1,0.9169,0,1,labeling_backlog
1092,2026-07-04,C003,C003-S04,C003-S04-R2,4.8.2,1392,15.12,0.9621,1,1,camera_blur
1093,2026-07-04,C004,C004-S01,C004-S01-R1,4.8.1,1021,8.14,0.9535,0,1,none
1094,2026-07-04,C004,C004-S01,C004-S01-R2,4.8.1,1221,12.35,0.9685,1,1,none
1095,2026-07-04,C004,C004-S02,C004-S02-R1,4.8.1,863,15.59,0.9654,1,1,none
1096,2026-07-04,C004,C004-S02,C004-S02-R2,4.8.1,1016,15.85,0.9604,1,1,none
1097,2026-07-04,C004,C004-S03,C004-S03-R1,4.8.1,1042,15.07,0.9526,0,1,none
1098,2026-07-04,C004,C004-S03,C004-S03-R2,4.8.2,1414,10.32,0.9766,1,1,none
1099,2026-07-04,C004,C004-S04,C004-S04-R1,4.9.0,928,15.18,0.9721,1,1,none
1100,2026-07-04,C004,C004-S04,C004-S04-R2,4.8.2,992,15.06,0.9584,0,1,none
1101,2026-07-05,C001,C001-S01,C001-S01-R1,4.8.1,1200,15.2,0.9797,1,1,none
1102,2026-07-05,C001,C001-S01,C001-S01-R2,4.9.0,995,16.26,0.9566,0,1,none
1103,2026-07-05,C001,C001-S02,C001-S02-R1,4.8.1,930,9.47,0.9622,0,1,none
1104,2026-07-05,C001,C001-S02,C001-S02-R2,4.8.1,1291,16.32,0.9536,0,1,none
1105,2026-07-05,C001,C001-S03,C001-S03-R1,4.9.0,1375,11.19,0.9562,0,1,none
1106,2026-07-05,C001,C001-S04,C001-S04-R1,4.9.0,1734,22.19,0.962,0,1,labeling_backlog
1107,2026-07-05,C001,C001-S04,C001-S04-R2,4.9.0,1134,16.63,0.9539,0,1,none
1108,2026-07-05,C002,C002-S01,C002-S01-R1,4.8.2,1097,13.12,0.973,1,1,none
1109,2026-07-05,C002,C002-S01,C002-S01-R2,4.8.1,864,9.32,0.9601,0,1,none
1110,2026-07-05,C002,C002-S02,C002-S02-R2,4.8.1,951,24.61,0.9806,1,0,store_access_delay
1111,2026-07-05,C002,C002-S03,C002-S03-R1,4.9.0,1213,17.13,0.9636,0,1,none
1112,2026-07-05,C002,C002-S03,C002-S03-R2,4.9.0,1327,13.63,0.9702,1,1,none
1113,2026-07-05,C002,C002-S04,C002-S04-R1,4.9.0,1420,13.78,0.9621,0,1,none
1114,2026-07-05,C002,C002-S04,C002-S04-R2,4.8.1,1169,12.78,0.9695,0,1,none
1115,2026-07-05,C003,C003-S01,C003-S01-R1,4.9.0,1834,33.98,0.9451,0,0,labeling_backlog
1116,2026-07-05,C003,C003-S01,C003-S01-R2,4.9.0,1385,9.01,0.9632,1,1,none
1117,2026-07-05,C003,C003-S02,C003-S02-R1,4.8.1,1956,23.35,0.9225,0,1,labeling_backlog
1118,2026-07-05,C003,C003-S02,C003-S02-R2,4.8.2,1284,7.67,0.9608,1,1,none
1119,2026-07-05,C003,C003-S03,C003-S03-R1,4.8.2,1129,14.21,0.9514,0,1,none
1120,2026-07-05,C003,C003-S04,C003-S04-R1,4.9.0,1373,8.61,0.963,1,1,none
1121,2026-07-05,C003,C003-S04,C003-S04-R2,4.8.2,1927,21.88,0.946,0,1,labeling_backlog
1122,2026-07-05,C004,C004-S01,C004-S01-R1,4.8.1,1469,12.84,0.9488,0,1,none
1123,2026-07-05,C004,C004-S01,C004-S01-R2,4.8.1,948,14.28,0.9526,0,1,none
1124,2026-07-05,C004,C004-S02,C004-S02-R1,4.8.1,1150,9.6,0.9628,1,1,none
1125,2026-07-05,C004,C004-S02,C004-S02-R2,4.8.1,1201,15.37,0.9627,1,1,none
1126,2026-07-05,C004,C004-S03,C004-S03-R1,4.8.1,971,10.52,0.9709,1,1,none
1127,2026-07-05,C004,C004-S03,C004-S03-R2,4.8.2,1320,15.82,0.9574,0,1,none
1128,2026-07-05,C004,C004-S04,C004-S04-R1,4.9.0,1018,14.42,0.9714,1,1,none
1129,2026-07-05,C004,C004-S04,C004-S04-R2,4.8.2,1349,14.34,0.952,0,1,none
